[avoid_hardcoded_colors] 2026-07-08T18:41:26.629347 Plugin avoid_hardcoded_colors threw while analyzing /Users/fres/dev/projects/agora/apps/agora/lib/app/app.dart:
[avoid_hardcoded_colors] 2026-07-08T18:41:26.629347 RangeError (end): Invalid value: Not in inclusive range 2613..2615: 2629
[avoid_hardcoded_colors] 2026-07-08T18:41:26.629347 #0      RangeError.checkValidRange (dart:core/errors.dart:392:9)
[avoid_hardcoded_colors] 2026-07-08T18:41:26.629347 #1      _StringBase.substring (dart:core-patch/string_patch.dart:440:27)
[avoid_hardcoded_colors] 2026-07-08T18:41:26.629347 #2      parseIgnoreForLine (package:custom_lint_builder/src/ignore.dart:81:54)
[avoid_hardcoded_colors] 2026-07-08T18:41:26.629347 #3      _ClientAnalyzerPlugin.analyzeFile.<anonymous closure> (package:custom_lint_builder/src/client.dart:921:13)
[avoid_hardcoded_colors] 2026-07-08T18:41:26.629347 #4      _AnalysisErrorListenerDelegate.onError (package:custom_lint_builder/src/client.dart:1226:48)
[avoid_hardcoded_colors] 2026-07-08T18:41:26.629347 #5      DiagnosticOrErrorListenerExtension.onDiagnostic (package:analyzer/error/listener.dart:132:40)
[avoid_hardcoded_colors] 2026-07-08T18:41:26.629347 #6      DiagnosticReporter.reportError (package:analyzer/src/error/listener.dart:376:25)
[avoid_hardcoded_colors] 2026-07-08T18:41:26.629347 #7      DiagnosticReporter.atOffset (package:analyzer/src/error/listener.dart:319:5)
[avoid_hardcoded_colors] 2026-07-08T18:41:26.629347 #8      DiagnosticReporter.atNode (package:analyzer/src/error/listener.dart:258:12)
[avoid_hardcoded_colors] 2026-07-08T18:41:26.629347 #9      AvoidHardcodedColors.run.<anonymous closure> (package:design_lint/src/rules/avoid_hardcoded_colors.dart:55:18)
[avoid_hardcoded_colors] 2026-07-08T18:41:26.629347 #10     _rootRunUnary (dart:async/zone_root.dart:56:13)
[avoid_hardcoded_colors] 2026-07-08T18:41:26.629347 #11     _CustomZone.runUnary (dart:async/zone.dart:733:19)
[avoid_hardcoded_colors] 2026-07-08T18:41:26.629347 #12     LinterVisitor._runSubscriptions (package:custom_lint_visitor/src/node_lint_visitor.g.dart:27:27)
[avoid_hardcoded_colors] 2026-07-08T18:41:26.629347 #13     LinterVisitor.visitPrefixedIdentifier (package:custom_lint_visitor/src/node_lint_visitor.g.dart:957:5)
[avoid_hardcoded_colors] 2026-07-08T18:41:26.629347 #14     PrefixedIdentifierImpl.accept (package:analyzer/src/dart/ast/ast.dart:19657:50)
[avoid_hardcoded_colors] 2026-07-08T18:41:26.629347 #15     ConditionalExpressionImpl.visitChildren (package:analyzer/src/dart/ast/ast.dart:4431:20)
[avoid_hardcoded_colors] 2026-07-08T18:41:26.629347 #16     GeneralizingAstVisitor.visitNode (package:analyzer/dart/ast/visitor.g.dart:474:10)
[avoid_hardcoded_colors] 2026-07-08T18:41:26.629347 #17     LinterVisitor.visitNode (package:custom_lint_visitor/src/node_lint_visitor.g.dart:855:11)
[avoid_hardcoded_colors] 2026-07-08T18:41:26.629347 #18     GeneralizingAstVisitor.visitCollectionElement (package:analyzer/dart/ast/visitor.g.dart:113:56)
[avoid_hardcoded_colors] 2026-07-08T18:41:26.629347 #19     LinterVisitor.visitCollectionElement (package:custom_lint_visitor/src/node_lint_visitor.g.dart:194:11)
[avoid_hardcoded_colors] 2026-07-08T18:41:26.629347 #20     GeneralizingAstVisitor.visitExpression (package:analyzer/dart/ast/visitor.g.dart:234:42)
[avoid_hardcoded_colors] 2026-07-08T18:41:26.629347 #21     LinterVisitor.visitExpression (package:custom_lint_visitor/src/node_lint_visitor.g.dart:417:11)
[avoid_hardcoded_colors] 2026-07-08T18:41:26.629347 #22     GeneralizingAstVisitor.visitConditionalExpression (package:analyzer/dart/ast/visitor.g.dart:134:7)
[avoid_hardcoded_colors] 2026-07-08T18:41:26.629347 #23     LinterVisitor.visitConditionalExpression (package:custom_lint_visitor/src/node_lint_visitor.g.dart:236:11)
[avoid_hardcoded_colors] 2026-07-08T18:41:26.629347 #24     ConditionalExpressionImpl.accept (package:analyzer/src/dart/ast/ast.dart:4419:15)
[avoid_hardcoded_colors] 2026-07-08T18:41:26.629347 #25     NamedExpressionImpl.visitChildren (package:analyzer/src/dart/ast/ast.dart:17017:16)
[avoid_hardcoded_colors] 2026-07-08T18:41:26.629347 #26     GeneralizingAstVisitor.visitNode (package:analyzer/dart/ast/visitor.g.dart:474:10)
[avoid_hardcoded_colors] 2026-07-08T18:41:26.629347 #27     LinterVisitor.visitNode (package:custom_lint_visitor/src/node_lint_visitor.g.dart:855:11)
[avoid_hardcoded_colors] 2026-07-08T18:41:26.629347 #28     GeneralizingAstVisitor.visitCollectionElement (package:analyzer/dart/ast/visitor.g.dart:113:56)
[avoid_hardcoded_colors] 2026-07-08T18:41:26.629347 #29     LinterVisitor.visitCollectionElement (package:custom_lint_visitor/src/node_lint_visitor.g.dart:194:11)
[avoid_hardcoded_colors] 2026-07-08T18:41:26.629347 #30     GeneralizingAstVisitor.visitExpression (package:analyzer/dart/ast/visitor.g.dart:234:42)
[avoid_hardcoded_colors] 2026-07-08T18:41:26.629347 #31     LinterVisitor.visitExpression (package:custom_lint_visitor/src/node_lint_visitor.g.dart:417:11)
[avoid_hardcoded_colors] 2026-07-08T18:41:26.629347 #32     GeneralizingAstVisitor.visitNamedExpression (package:analyzer/dart/ast/visitor.g.dart:453:52)
[avoid_hardcoded_colors] 2026-07-08T18:41:26.629347 #33     LinterVisitor.visitNamedExpression (package:custom_lint_visitor/src/node_lint_visitor.g.dart:819:11)
[avoid_hardcoded_colors] 2026-07-08T18:41:26.629347 #34     NamedExpressionImpl.accept (package:analyzer/src/dart/ast/ast.dart:17005:50)
[avoid_hardcoded_colors] 2026-07-08T18:41:26.629347 #35     NodeListImpl.accept (package:analyzer/src/dart/ast/ast.dart:17661:20)
[avoid_hardcoded_colors] 2026-07-08T18:41:26.629347 #36     ArgumentListImpl.visitChildren (package:analyzer/src/dart/ast/ast.dart:586:15)
[avoid_hardcoded_colors] 2026-07-08T18:41:26.629347 #37     GeneralizingAstVisitor.visitNode (package:analyzer/dart/ast/visitor.g.dart:474:10)
[avoid_hardcoded_colors] 2026-07-08T18:41:26.629347 #38     LinterVisitor.visitNode (package:custom_lint_visitor/src/node_lint_visitor.g.dart:855:11)
[avoid_hardcoded_colors] 2026-07-08T18:41:26.629347 #39     GeneralizingAstVisitor.visitArgumentList (package:analyzer/dart/ast/visitor.g.dart:41:46)
[avoid_hardcoded_colors] 2026-07-08T18:41:26.629347 #40     LinterVisitor.visitArgumentList (package:custom_lint_visitor/src/node_lint_visitor.g.dart:56:11)
[avoid_hardcoded_colors] 2026-07-08T18:41:26.629347 #41     ArgumentListImpl.accept (package:analyzer/src/dart/ast/ast.dart:581:50)
[avoid_hardcoded_colors] 2026-07-08T18:41:26.629347 #42     InstanceCreationExpressionImpl.visitChildren (package:analyzer/src/dart/ast/ast.dart:14069:18)
[avoid_hardcoded_colors] 2026-07-08T18:41:26.629347 #43     GeneralizingAstVisitor.visitNode (package:analyzer/dart/ast/visitor.g.dart:474:10)
[avoid_hardcoded_colors] 2026-07-08T18:41:26.629347 #44     LinterVisitor.visitNode (package:custom_lint_visitor/src/node_lint_visitor.g.dart:855:11)
[avoid_hardcoded_colors] 2026-07-08T18:41:26.629347 #45     GeneralizingAstVisitor.visitCollectionElement (package:analyzer/dart/ast/visitor.g.dart:113:56)
[avoid_hardcoded_colors] 2026-07-08T18:41:26.629347 #46     LinterVisitor.visitCollectionElement (package:custom_lint_visitor/src/node_lint_visitor.g.dart:194:11)
[avoid_hardcoded_colors] 2026-07-08T18:41:26.629347 #47     GeneralizingAstVisitor.visitExpression (package:analyzer/dart/ast/visitor.g.dart:234:42)
[avoid_hardcoded_colors] 2026-07-08T18:41:26.629347 #48     LinterVisitor.visitExpression (package:custom_lint_visitor/src/node_lint_visitor.g.dart:417:11)
[avoid_hardcoded_colors] 2026-07-08T18:41:26.629347 #49     GeneralizingAstVisitor.visitInstanceCreationExpression (package:analyzer/dart/ast/visitor.g.dart:379:7)
[avoid_hardcoded_colors] 2026-07-08T18:41:26.629347 #50     LinterVisitor.visitInstanceCreationExpression (package:custom_lint_visitor/src/node_lint_visitor.g.dart:675:11)
[avoid_hardcoded_colors] 2026-07-08T18:41:26.629347 #51     InstanceCreationExpressionImpl.accept (package:analyzer/src/dart/ast/ast.dart:14056:15)
[avoid_hardcoded_colors] 2026-07-08T18:41:26.629347 #52     ReturnStatementImpl.visitChildren (package:analyzer/src/dart/ast/ast.dart:21615:17)
[avoid_hardcoded_colors] 2026-07-08T18:41:26.629347 #53     GeneralizingAstVisitor.visitNode (package:analyzer/dart/ast/visitor.g.dart:474:10)
[avoid_hardcoded_colors] 2026-07-08T18:41:26.629347 #54     LinterVisitor.visitNode (package:custom_lint_visitor/src/node_lint_visitor.g.dart:855:11)
[avoid_hardcoded_colors] 2026-07-08T18:41:26.629347 #55     GeneralizingAstVisitor.visitStatement (package:analyzer/dart/ast/visitor.g.dart:630:40)
[avoid_hardcoded_colors] 2026-07-08T18:41:26.629347 #56     LinterVisitor.visitStatement (package:custom_lint_visitor/src/node_lint_visitor.g.dart:1124:11)
[avoid_hardcoded_colors] 2026-07-08T18:41:26.629347 #57     GeneralizingAstVisitor.visitReturnStatement (package:analyzer/dart/ast/visitor.g.dart:602:52)
[avoid_hardcoded_colors] 2026-07-08T18:41:26.629347 #58     LinterVisitor.visitReturnStatement (package:custom_lint_visitor/src/node_lint_visitor.g.dart:1070:11)
[avoid_hardcoded_colors] 2026-07-08T18:41:26.629347 #59     ReturnStatementImpl.accept (package:analyzer/src/dart/ast/ast.dart:21610:50)
[avoid_hardcoded_colors] 2026-07-08T18:41:26.629347 #60     NodeListImpl.accept (package:analyzer/src/dart/ast/ast.dart:17661:20)
[avoid_hardcoded_colors] 2026-07-08T18:41:26.629347 #61     BlockImpl.visitChildren (package:analyzer/src/dart/ast/ast.dart:2028:16)
[avoid_hardcoded_colors] 2026-07-08T18:41:26.629347 #62     GeneralizingAstVisitor.visitNode (package:analyzer/dart/ast/visitor.g.dart:474:10)
[avoid_hardcoded_colors] 2026-07-08T18:41:26.629347 #63     LinterVisitor.visitNode (package:custom_lint_visitor/src/node_lint_visitor.g.dart:855:11)
[avoid_hardcoded_colors] 2026-07-08T18:41:26.629347 #64     GeneralizingAstVisitor.visitStatement (package:analyzer/dart/ast/visitor.g.dart:630:40)
[avoid_hardcoded_colors] 2026-07-08T18:41:26.629347 #65     LinterVisitor.visitStatement (package:custom_lint_visitor/src/node_lint_visitor.g.dart:1124:11)
[avoid_hardcoded_colors] 2026-07-08T18:41:26.629347 #66     GeneralizingAstVisitor.visitBlock (package:analyzer/dart/ast/visitor.g.dart:68:32)
[avoid_hardcoded_colors] 2026-07-08T18:41:26.629347 #67     LinterVisitor.visitBlock (package:custom_lint_visitor/src/node_lint_visitor.g.dart:104:11)
[avoid_hardcoded_colors] 2026-07-08T18:41:26.629347 #68     BlockImpl.accept (package:analyzer/src/dart/ast/ast.dart:2023:50)
[avoid_hardcoded_colors] 2026-07-08T18:41:26.629347 #69     BlockFunctionBodyImpl.visitChildren (package:analyzer/src/dart/ast/ast.dart:1958:11)
[avoid_hardcoded_colors] 2026-07-08T18:41:26.629347 #70     GeneralizingAstVisitor.visitNode (package:analyzer/dart/ast/visitor.g.dart:474:10)
[avoid_hardcoded_colors] 2026-07-08T18:41:26.629347 #71     LinterVisitor.visitNode (package:custom_lint_visitor/src/node_lint_visitor.g.dart:855:11)
[avoid_hardcoded_colors] 2026-07-08T18:41:26.629347 #72     GeneralizingAstVisitor.visitFunctionBody (package:analyzer/dart/ast/visitor.g.dart:307:46)
[avoid_hardcoded_colors] 2026-07-08T18:41:26.629347 #73     LinterVisitor.visitFunctionBody (package:custom_lint_visitor/src/node_lint_visitor.g.dart:555:11)
[avoid_hardcoded_colors] 2026-07-08T18:41:26.629347 #74     GeneralizingAstVisitor.visitBlockFunctionBody (package:analyzer/dart/ast/visitor.g.dart:75:56)
[avoid_hardcoded_colors] 2026-07-08T18:41:26.629347 #75     LinterVisitor.visitBlockFunctionBody (package:custom_lint_visitor/src/node_lint_visitor.g.dart:116:11)
[avoid_hardcoded_colors] 2026-07-08T18:41:26.629347 #76     BlockFunctionBodyImpl.accept (package:analyzer/src/dart/ast/ast.dart:1949:50)
[avoid_hardcoded_colors] 2026-07-08T18:41:26.629347 #77     MethodDeclarationImpl.visitChildren (package:analyzer/src/dart/ast/ast.dart:16284:10)
[avoid_hardcoded_colors] 2026-07-08T18:41:26.629347 #78     GeneralizingAstVisitor.visitNode (package:analyzer/dart/ast/visitor.g.dart:474:10)
[avoid_hardcoded_colors] 2026-07-08T18:41:26.629347 #79     LinterVisitor.visitNode (package:custom_lint_visitor/src/node_lint_visitor.g.dart:855:11)
[avoid_hardcoded_colors] 2026-07-08T18:41:26.629347 #80     GeneralizingAstVisitor.visitAnnotatedNode (package:analyzer/dart/ast/visitor.g.dart:35:48)
[avoid_hardcoded_colors] 2026-07-08T18:41:26.629347 #81     LinterVisitor.visitAnnotatedNode (package:custom_lint_visitor/src/node_lint_visitor.g.dart:44:11)
[avoid_hardcoded_colors] 2026-07-08T18:41:26.629347 #82     GeneralizingAstVisitor.visitDeclaration (package:analyzer/dart/ast/visitor.g.dart:168:44)
[avoid_hardcoded_colors] 2026-07-08T18:41:26.629347 #83     LinterVisitor.visitDeclaration (package:custom_lint_visitor/src/node_lint_visitor.g.dart:302:11)
[avoid_hardcoded_colors] 2026-07-08T18:41:26.629347 #84     GeneralizingAstVisitor.visitClassMember (package:analyzer/dart/ast/visitor.g.dart:105:44)
[avoid_hardcoded_colors] 2026-07-08T18:41:26.629347 #85     LinterVisitor.visitClassMember (package:custom_lint_visitor/src/node_lint_visitor.g.dart:176:11)
[avoid_hardcoded_colors] 2026-07-08T18:41:26.629347 #86     GeneralizingAstVisitor.visitMethodDeclaration (package:analyzer/dart/ast/visitor.g.dart:436:56)
[avoid_hardcoded_colors] 2026-07-08T18:41:26.629347 #87     LinterVisitor.visitMethodDeclaration (package:custom_lint_visitor/src/node_lint_visitor.g.dart:789:11)
[avoid_hardcoded_colors] 2026-07-08T18:41:26.629347 #88     MethodDeclarationImpl.accept (package:analyzer/src/dart/ast/ast.dart:16275:50)
[avoid_hardcoded_colors] 2026-07-08T18:41:26.629347 #89     NodeListImpl.accept (package:analyzer/src/dart/ast/ast.dart:17661:20)
[avoid_hardcoded_colors] 2026-07-08T18:41:26.629347 #90     ClassDeclarationImpl.visitChildren (package:analyzer/src/dart/ast/ast.dart:3322:13)
[avoid_hardcoded_colors] 2026-07-08T18:41:26.629347 #91     GeneralizingAstVisitor.visitNode (package:analyzer/dart/ast/visitor.g.dart:474:10)
[avoid_hardcoded_colors] 2026-07-08T18:41:26.629347 #92     LinterVisitor.visitNode (package:custom_lint_visitor/src/node_lint_visitor.g.dart:855:11)
[avoid_hardcoded_colors] 2026-07-08T18:41:26.629347 #93     GeneralizingAstVisitor.visitAnnotatedNode (package:analyzer/dart/ast/visitor.g.dart:35:48)
[avoid_hardcoded_colors] 2026-07-08T18:41:26.629347 #94     LinterVisitor.visitAnnotatedNode (package:custom_lint_visitor/src/node_lint_visitor.g.dart:44:11)
[avoid_hardcoded_colors] 2026-07-08T18:41:26.629347 #95     GeneralizingAstVisitor.visitDeclaration (package:analyzer/dart/ast/visitor.g.dart:168:44)
[avoid_hardcoded_colors] 2026-07-08T18:41:26.629347 #96     LinterVisitor.visitDeclaration (package:custom_lint_visitor/src/node_lint_visitor.g.dart:302:11)
[avoid_hardcoded_colors] 2026-07-08T18:41:26.629347 #97     GeneralizingAstVisitor.visitCompilationUnitMember (package:analyzer/dart/ast/visitor.g.dart:130:7)
[avoid_hardcoded_colors] 2026-07-08T18:41:26.629347 #98     LinterVisitor.visitCompilationUnitMember (package:custom_lint_visitor/src/node_lint_visitor.g.dart:230:11)
[avoid_hardcoded_colors] 2026-07-08T18:41:26.629347 #99     GeneralizingAstVisitor.visitNamedCompilationUnitMember (package:analyzer/dart/ast/visitor.g.dart:450:7)
[avoid_hardcoded_colors] 2026-07-08T18:41:26.629347 #100    LinterVisitor.visitNamedCompilationUnitMember (package:custom_lint_visitor/src/node_lint_visitor.g.dart:813:11)
[avoid_hardcoded_colors] 2026-07-08T18:41:26.629347 #101    GeneralizingAstVisitor.visitClassDeclaration (package:analyzer/dart/ast/visitor.g.dart:103:7)
[avoid_hardcoded_colors] 2026-07-08T18:41:26.629347 #102    LinterVisitor.visitClassDeclaration (package:custom_lint_visitor/src/node_lint_visitor.g.dart:170:11)
[avoid_hardcoded_colors] 2026-07-08T18:41:26.629347 #103    ClassDeclarationImpl.accept (package:analyzer/src/dart/ast/ast.dart:3311:50)
[avoid_hardcoded_colors] 2026-07-08T18:41:26.629347 #104    NodeListImpl.accept (package:analyzer/src/dart/ast/ast.dart:17661:20)
[avoid_hardcoded_colors] 2026-07-08T18:41:26.629347 #105    CompilationUnitImpl.visitChildren (package:analyzer/src/dart/ast/ast.dart:4146:21)
[avoid_hardcoded_colors] 2026-07-08T18:41:26.629347 #106    GeneralizingAstVisitor.visitNode (package:analyzer/dart/ast/visitor.g.dart:474:10)
[avoid_hardcoded_colors] 2026-07-08T18:41:26.629347 #107    LinterVisitor.visitNode (package:custom_lint_visitor/src/node_lint_visitor.g.dart:855:11)
[avoid_hardcoded_colors] 2026-07-08T18:41:26.629347 #108    GeneralizingAstVisitor.visitCompilationUnit (package:analyzer/dart/ast/visitor.g.dart:127:52)
[avoid_hardcoded_colors] 2026-07-08T18:41:26.629347 #109    LinterVisitor.visitCompilationUnit (package:custom_lint_visitor/src/node_lint_visitor.g.dart:224:11)
[avoid_hardcoded_colors] 2026-07-08T18:41:26.629347 #110    CompilationUnitImpl.accept (package:analyzer/src/dart/ast/ast.dart:4123:50)
[avoid_hardcoded_colors] 2026-07-08T18:41:26.629347 #111    DartLintRule.startUp.<anonymous closure> (package:custom_lint_core/src/lint_rule.dart:136:17)
[avoid_hardcoded_colors] 2026-07-08T18:41:26.629347 #112    _rootRun (dart:async/zone_root.dart:35:13)
[avoid_hardcoded_colors] 2026-07-08T18:41:26.629347 #113    _CustomZone.run (dart:async/zone.dart:726:19)
[avoid_hardcoded_colors] 2026-07-08T18:41:26.629347 #114    _CustomZone.bindCallback.<anonymous closure> (dart:async/zone.dart:649:23)
[avoid_hardcoded_colors] 2026-07-08T18:41:26.629347 #115    runPostRunCallbacks (package:custom_lint_core/src/plugin_base.dart:16:19)
[avoid_hardcoded_colors] 2026-07-08T18:41:26.629347 #116    _ClientAnalyzerPlugin.analyzeFile.<anonymous closure> (package:custom_lint_builder/src/client.dart:967:7)
[avoid_hardcoded_colors] 2026-07-08T18:41:26.629347 <asynchronous suspension>
[avoid_hardcoded_colors] 2026-07-08T18:41:26.629347 #117    _ClientAnalyzerPlugin._runOperation (package:custom_lint_builder/src/client.dart:1095:14)
[avoid_hardcoded_colors] 2026-07-08T18:41:26.629347 <asynchronous suspension>
[avoid_hardcoded_colors] 2026-07-08T18:41:26.629347 #118    _ClientAnalyzerPlugin.analyzeFile (package:custom_lint_builder/src/client.dart:931:5)
[avoid_hardcoded_colors] 2026-07-08T18:41:26.629347 <asynchronous suspension>
[avoid_hardcoded_colors] 2026-07-08T18:41:26.629347 #119    ServerPlugin.analyzeFiles (package:analyzer_plugin/plugin/plugin.dart:113:7)
[avoid_hardcoded_colors] 2026-07-08T18:41:26.629347 <asynchronous suspension>
[avoid_hardcoded_colors] 2026-07-08T18:41:26.629347 #120    ServerPlugin.handleAffectedFiles (package:analyzer_plugin/plugin/plugin.dart:197:5)
[avoid_hardcoded_colors] 2026-07-08T18:41:26.629347 <asynchronous suspension>
[avoid_hardcoded_colors] 2026-07-08T18:41:26.629347 #121    ServerPlugin.contentChanged.<anonymous closure> (package:analyzer_plugin/plugin/plugin.dart:132:9)
[avoid_hardcoded_colors] 2026-07-08T18:41:26.629347 <asynchronous suspension>
[avoid_hardcoded_colors] 2026-07-08T18:41:26.629347 #122    ServerPlugin._forAnalysisContexts (package:analyzer_plugin/plugin/plugin.dart:514:9)
[avoid_hardcoded_colors] 2026-07-08T18:41:26.629347 <asynchronous suspension>
[avoid_hardcoded_colors] 2026-07-08T18:41:26.629347 #123    ServerPlugin.contentChanged (package:analyzer_plugin/plugin/plugin.dart:127:7)
[avoid_hardcoded_colors] 2026-07-08T18:41:26.629347 <asynchronous suspension>
[avoid_hardcoded_colors] 2026-07-08T18:41:26.629347 #124    ServerPlugin.handleAnalysisUpdateContent (package:analyzer_plugin/plugin/plugin.dart:342:5)
[avoid_hardcoded_colors] 2026-07-08T18:41:26.629347 <asynchronous suspension>
[avoid_hardcoded_colors] 2026-07-08T18:41:26.629347 #125    ServerPlugin._getResponse (package:analyzer_plugin/plugin/plugin.dart:552:18)
[avoid_hardcoded_colors] 2026-07-08T18:41:26.629347 <asynchronous suspension>
[avoid_hardcoded_colors] 2026-07-08T18:41:26.629347 #126    ServerPlugin._onRequest (package:analyzer_plugin/plugin/plugin.dart:606:18)
[avoid_hardcoded_colors] 2026-07-08T18:41:26.629347 <asynchronous suspension>
[avoid_hardcoded_colors] 2026-07-08T18:41:26.629347
[avoid_hardcoded_colors] 2026-07-08T18:41:26.630157 Plugin avoid_hardcoded_colors threw while analyzing /Users/fres/dev/projects/agora/apps/agora/lib/app/app.dart:
[avoid_hardcoded_colors] 2026-07-08T18:41:26.630157 RangeError (end): Invalid value: Not in inclusive range 2613..2615: 2649
[avoid_hardcoded_colors] 2026-07-08T18:41:26.630157 #0      RangeError.checkValidRange (dart:core/errors.dart:392:9)
[avoid_hardcoded_colors] 2026-07-08T18:41:26.630157 #1      _StringBase.substring (dart:core-patch/string_patch.dart:440:27)
[avoid_hardcoded_colors] 2026-07-08T18:41:26.630157 #2      parseIgnoreForLine (package:custom_lint_builder/src/ignore.dart:81:54)
[avoid_hardcoded_colors] 2026-07-08T18:41:26.630157 #3      _ClientAnalyzerPlugin.analyzeFile.<anonymous closure> (package:custom_lint_builder/src/client.dart:921:13)
[avoid_hardcoded_colors] 2026-07-08T18:41:26.630157 #4      _AnalysisErrorListenerDelegate.onError (package:custom_lint_builder/src/client.dart:1226:48)
[avoid_hardcoded_colors] 2026-07-08T18:41:26.630157 #5      DiagnosticOrErrorListenerExtension.onDiagnostic (package:analyzer/error/listener.dart:132:40)
[avoid_hardcoded_colors] 2026-07-08T18:41:26.630157 #6      DiagnosticReporter.reportError (package:analyzer/src/error/listener.dart:376:25)
[avoid_hardcoded_colors] 2026-07-08T18:41:26.630157 #7      DiagnosticReporter.atOffset (package:analyzer/src/error/listener.dart:319:5)
[avoid_hardcoded_colors] 2026-07-08T18:41:26.630157 #8      DiagnosticReporter.atNode (package:analyzer/src/error/listener.dart:258:12)
[avoid_hardcoded_colors] 2026-07-08T18:41:26.630157 #9      AvoidHardcodedColors.run.<anonymous closure> (package:design_lint/src/rules/avoid_hardcoded_colors.dart:55:18)
[avoid_hardcoded_colors] 2026-07-08T18:41:26.630157 #10     _rootRunUnary (dart:async/zone_root.dart:56:13)
[avoid_hardcoded_colors] 2026-07-08T18:41:26.630157 #11     _CustomZone.runUnary (dart:async/zone.dart:733:19)
[avoid_hardcoded_colors] 2026-07-08T18:41:26.630157 #12     LinterVisitor._runSubscriptions (package:custom_lint_visitor/src/node_lint_visitor.g.dart:27:27)
[avoid_hardcoded_colors] 2026-07-08T18:41:26.630157 #13     LinterVisitor.visitPrefixedIdentifier (package:custom_lint_visitor/src/node_lint_visitor.g.dart:957:5)
[avoid_hardcoded_colors] 2026-07-08T18:41:26.630157 #14     PrefixedIdentifierImpl.accept (package:analyzer/src/dart/ast/ast.dart:19657:50)
[avoid_hardcoded_colors] 2026-07-08T18:41:26.630157 #15     ConditionalExpressionImpl.visitChildren (package:analyzer/src/dart/ast/ast.dart:4432:20)
[avoid_hardcoded_colors] 2026-07-08T18:41:26.630157 #16     GeneralizingAstVisitor.visitNode (package:analyzer/dart/ast/visitor.g.dart:474:10)
[avoid_hardcoded_colors] 2026-07-08T18:41:26.630157 #17     LinterVisitor.visitNode (package:custom_lint_visitor/src/node_lint_visitor.g.dart:855:11)
[avoid_hardcoded_colors] 2026-07-08T18:41:26.630157 #18     GeneralizingAstVisitor.visitCollectionElement (package:analyzer/dart/ast/visitor.g.dart:113:56)
[avoid_hardcoded_colors] 2026-07-08T18:41:26.630157 #19     LinterVisitor.visitCollectionElement (package:custom_lint_visitor/src/node_lint_visitor.g.dart:194:11)
[avoid_hardcoded_colors] 2026-07-08T18:41:26.630157 #20     GeneralizingAstVisitor.visitExpression (package:analyzer/dart/ast/visitor.g.dart:234:42)
[avoid_hardcoded_colors] 2026-07-08T18:41:26.630157 #21     LinterVisitor.visitExpression (package:custom_lint_visitor/src/node_lint_visitor.g.dart:417:11)
[avoid_hardcoded_colors] 2026-07-08T18:41:26.630157 #22     GeneralizingAstVisitor.visitConditionalExpression (package:analyzer/dart/ast/visitor.g.dart:134:7)
[avoid_hardcoded_colors] 2026-07-08T18:41:26.630157 #23     LinterVisitor.visitConditionalExpression (package:custom_lint_visitor/src/node_lint_visitor.g.dart:236:11)
[avoid_hardcoded_colors] 2026-07-08T18:41:26.630157 #24     ConditionalExpressionImpl.accept (package:analyzer/src/dart/ast/ast.dart:4419:15)
[avoid_hardcoded_colors] 2026-07-08T18:41:26.630157 #25     NamedExpressionImpl.visitChildren (package:analyzer/src/dart/ast/ast.dart:17017:16)
[avoid_hardcoded_colors] 2026-07-08T18:41:26.630157 #26     GeneralizingAstVisitor.visitNode (package:analyzer/dart/ast/visitor.g.dart:474:10)
[avoid_hardcoded_colors] 2026-07-08T18:41:26.630157 #27     LinterVisitor.visitNode (package:custom_lint_visitor/src/node_lint_visitor.g.dart:855:11)
[avoid_hardcoded_colors] 2026-07-08T18:41:26.630157 #28     GeneralizingAstVisitor.visitCollectionElement (package:analyzer/dart/ast/visitor.g.dart:113:56)
[avoid_hardcoded_colors] 2026-07-08T18:41:26.630157 #29     LinterVisitor.visitCollectionElement (package:custom_lint_visitor/src/node_lint_visitor.g.dart:194:11)
[avoid_hardcoded_colors] 2026-07-08T18:41:26.630157 #30     GeneralizingAstVisitor.visitExpression (package:analyzer/dart/ast/visitor.g.dart:234:42)
[avoid_hardcoded_colors] 2026-07-08T18:41:26.630157 #31     LinterVisitor.visitExpression (package:custom_lint_visitor/src/node_lint_visitor.g.dart:417:11)
[avoid_hardcoded_colors] 2026-07-08T18:41:26.630157 #32     GeneralizingAstVisitor.visitNamedExpression (package:analyzer/dart/ast/visitor.g.dart:453:52)
[avoid_hardcoded_colors] 2026-07-08T18:41:26.630157 #33     LinterVisitor.visitNamedExpression (package:custom_lint_visitor/src/node_lint_visitor.g.dart:819:11)
[avoid_hardcoded_colors] 2026-07-08T18:41:26.630157 #34     NamedExpressionImpl.accept (package:analyzer/src/dart/ast/ast.dart:17005:50)
[avoid_hardcoded_colors] 2026-07-08T18:41:26.630157 #35     NodeListImpl.accept (package:analyzer/src/dart/ast/ast.dart:17661:20)
[avoid_hardcoded_colors] 2026-07-08T18:41:26.630157 #36     ArgumentListImpl.visitChildren (package:analyzer/src/dart/ast/ast.dart:586:15)
[avoid_hardcoded_colors] 2026-07-08T18:41:26.630157 #37     GeneralizingAstVisitor.visitNode (package:analyzer/dart/ast/visitor.g.dart:474:10)
[avoid_hardcoded_colors] 2026-07-08T18:41:26.630157 #38     LinterVisitor.visitNode (package:custom_lint_visitor/src/node_lint_visitor.g.dart:855:11)
[avoid_hardcoded_colors] 2026-07-08T18:41:26.630157 #39     GeneralizingAstVisitor.visitArgumentList (package:analyzer/dart/ast/visitor.g.dart:41:46)
[avoid_hardcoded_colors] 2026-07-08T18:41:26.630157 #40     LinterVisitor.visitArgumentList (package:custom_lint_visitor/src/node_lint_visitor.g.dart:56:11)
[avoid_hardcoded_colors] 2026-07-08T18:41:26.630157 #41     ArgumentListImpl.accept (package:analyzer/src/dart/ast/ast.dart:581:50)
[avoid_hardcoded_colors] 2026-07-08T18:41:26.630157 #42     InstanceCreationExpressionImpl.visitChildren (package:analyzer/src/dart/ast/ast.dart:14069:18)
[avoid_hardcoded_colors] 2026-07-08T18:41:26.630157 #43     GeneralizingAstVisitor.visitNode (package:analyzer/dart/ast/visitor.g.dart:474:10)
[avoid_hardcoded_colors] 2026-07-08T18:41:26.630157 #44     LinterVisitor.visitNode (package:custom_lint_visitor/src/node_lint_visitor.g.dart:855:11)
[avoid_hardcoded_colors] 2026-07-08T18:41:26.630157 #45     GeneralizingAstVisitor.visitCollectionElement (package:analyzer/dart/ast/visitor.g.dart:113:56)
[avoid_hardcoded_colors] 2026-07-08T18:41:26.630157 #46     LinterVisitor.visitCollectionElement (package:custom_lint_visitor/src/node_lint_visitor.g.dart:194:11)
[avoid_hardcoded_colors] 2026-07-08T18:41:26.630157 #47     GeneralizingAstVisitor.visitExpression (package:analyzer/dart/ast/visitor.g.dart:234:42)
[avoid_hardcoded_colors] 2026-07-08T18:41:26.630157 #48     LinterVisitor.visitExpression (package:custom_lint_visitor/src/node_lint_visitor.g.dart:417:11)
[avoid_hardcoded_colors] 2026-07-08T18:41:26.630157 #49     GeneralizingAstVisitor.visitInstanceCreationExpression (package:analyzer/dart/ast/visitor.g.dart:379:7)
[avoid_hardcoded_colors] 2026-07-08T18:41:26.630157 #50     LinterVisitor.visitInstanceCreationExpression (package:custom_lint_visitor/src/node_lint_visitor.g.dart:675:11)
[avoid_hardcoded_colors] 2026-07-08T18:41:26.630157 #51     InstanceCreationExpressionImpl.accept (package:analyzer/src/dart/ast/ast.dart:14056:15)
[avoid_hardcoded_colors] 2026-07-08T18:41:26.630157 #52     ReturnStatementImpl.visitChildren (package:analyzer/src/dart/ast/ast.dart:21615:17)
[avoid_hardcoded_colors] 2026-07-08T18:41:26.630157 #53     GeneralizingAstVisitor.visitNode (package:analyzer/dart/ast/visitor.g.dart:474:10)
[avoid_hardcoded_colors] 2026-07-08T18:41:26.630157 #54     LinterVisitor.visitNode (package:custom_lint_visitor/src/node_lint_visitor.g.dart:855:11)
[avoid_hardcoded_colors] 2026-07-08T18:41:26.630157 #55     GeneralizingAstVisitor.visitStatement (package:analyzer/dart/ast/visitor.g.dart:630:40)
[avoid_hardcoded_colors] 2026-07-08T18:41:26.630157 #56     LinterVisitor.visitStatement (package:custom_lint_visitor/src/node_lint_visitor.g.dart:1124:11)
[avoid_hardcoded_colors] 2026-07-08T18:41:26.630157 #57     GeneralizingAstVisitor.visitReturnStatement (package:analyzer/dart/ast/visitor.g.dart:602:52)
[avoid_hardcoded_colors] 2026-07-08T18:41:26.630157 #58     LinterVisitor.visitReturnStatement (package:custom_lint_visitor/src/node_lint_visitor.g.dart:1070:11)
[avoid_hardcoded_colors] 2026-07-08T18:41:26.630157 #59     ReturnStatementImpl.accept (package:analyzer/src/dart/ast/ast.dart:21610:50)
[avoid_hardcoded_colors] 2026-07-08T18:41:26.630157 #60     NodeListImpl.accept (package:analyzer/src/dart/ast/ast.dart:17661:20)
[avoid_hardcoded_colors] 2026-07-08T18:41:26.630157 #61     BlockImpl.visitChildren (package:analyzer/src/dart/ast/ast.dart:2028:16)
[avoid_hardcoded_colors] 2026-07-08T18:41:26.630157 #62     GeneralizingAstVisitor.visitNode (package:analyzer/dart/ast/visitor.g.dart:474:10)
[avoid_hardcoded_colors] 2026-07-08T18:41:26.630157 #63     LinterVisitor.visitNode (package:custom_lint_visitor/src/node_lint_visitor.g.dart:855:11)
[avoid_hardcoded_colors] 2026-07-08T18:41:26.630157 #64     GeneralizingAstVisitor.visitStatement (package:analyzer/dart/ast/visitor.g.dart:630:40)
[avoid_hardcoded_colors] 2026-07-08T18:41:26.630157 #65     LinterVisitor.visitStatement (package:custom_lint_visitor/src/node_lint_visitor.g.dart:1124:11)
[avoid_hardcoded_colors] 2026-07-08T18:41:26.630157 #66     GeneralizingAstVisitor.visitBlock (package:analyzer/dart/ast/visitor.g.dart:68:32)
[avoid_hardcoded_colors] 2026-07-08T18:41:26.630157 #67     LinterVisitor.visitBlock (package:custom_lint_visitor/src/node_lint_visitor.g.dart:104:11)
[avoid_hardcoded_colors] 2026-07-08T18:41:26.630157 #68     BlockImpl.accept (package:analyzer/src/dart/ast/ast.dart:2023:50)
[avoid_hardcoded_colors] 2026-07-08T18:41:26.630157 #69     BlockFunctionBodyImpl.visitChildren (package:analyzer/src/dart/ast/ast.dart:1958:11)
[avoid_hardcoded_colors] 2026-07-08T18:41:26.630157 #70     GeneralizingAstVisitor.visitNode (package:analyzer/dart/ast/visitor.g.dart:474:10)
[avoid_hardcoded_colors] 2026-07-08T18:41:26.630157 #71     LinterVisitor.visitNode (package:custom_lint_visitor/src/node_lint_visitor.g.dart:855:11)
[avoid_hardcoded_colors] 2026-07-08T18:41:26.630157 #72     GeneralizingAstVisitor.visitFunctionBody (package:analyzer/dart/ast/visitor.g.dart:307:46)
[avoid_hardcoded_colors] 2026-07-08T18:41:26.630157 #73     LinterVisitor.visitFunctionBody (package:custom_lint_visitor/src/node_lint_visitor.g.dart:555:11)
[avoid_hardcoded_colors] 2026-07-08T18:41:26.630157 #74     GeneralizingAstVisitor.visitBlockFunctionBody (package:analyzer/dart/ast/visitor.g.dart:75:56)
[avoid_hardcoded_colors] 2026-07-08T18:41:26.630157 #75     LinterVisitor.visitBlockFunctionBody (package:custom_lint_visitor/src/node_lint_visitor.g.dart:116:11)
[avoid_hardcoded_colors] 2026-07-08T18:41:26.630157 #76     BlockFunctionBodyImpl.accept (package:analyzer/src/dart/ast/ast.dart:1949:50)
[avoid_hardcoded_colors] 2026-07-08T18:41:26.630157 #77     MethodDeclarationImpl.visitChildren (package:analyzer/src/dart/ast/ast.dart:16284:10)
[avoid_hardcoded_colors] 2026-07-08T18:41:26.630157 #78     GeneralizingAstVisitor.visitNode (package:analyzer/dart/ast/visitor.g.dart:474:10)
[avoid_hardcoded_colors] 2026-07-08T18:41:26.630157 #79     LinterVisitor.visitNode (package:custom_lint_visitor/src/node_lint_visitor.g.dart:855:11)
[avoid_hardcoded_colors] 2026-07-08T18:41:26.630157 #80     GeneralizingAstVisitor.visitAnnotatedNode (package:analyzer/dart/ast/visitor.g.dart:35:48)
[avoid_hardcoded_colors] 2026-07-08T18:41:26.630157 #81     LinterVisitor.visitAnnotatedNode (package:custom_lint_visitor/src/node_lint_visitor.g.dart:44:11)
[avoid_hardcoded_colors] 2026-07-08T18:41:26.630157 #82     GeneralizingAstVisitor.visitDeclaration (package:analyzer/dart/ast/visitor.g.dart:168:44)
[avoid_hardcoded_colors] 2026-07-08T18:41:26.630157 #83     LinterVisitor.visitDeclaration (package:custom_lint_visitor/src/node_lint_visitor.g.dart:302:11)
[avoid_hardcoded_colors] 2026-07-08T18:41:26.630157 #84     GeneralizingAstVisitor.visitClassMember (package:analyzer/dart/ast/visitor.g.dart:105:44)
[avoid_hardcoded_colors] 2026-07-08T18:41:26.630157 #85     LinterVisitor.visitClassMember (package:custom_lint_visitor/src/node_lint_visitor.g.dart:176:11)
[avoid_hardcoded_colors] 2026-07-08T18:41:26.630157 #86     GeneralizingAstVisitor.visitMethodDeclaration (package:analyzer/dart/ast/visitor.g.dart:436:56)
[avoid_hardcoded_colors] 2026-07-08T18:41:26.630157 #87     LinterVisitor.visitMethodDeclaration (package:custom_lint_visitor/src/node_lint_visitor.g.dart:789:11)
[avoid_hardcoded_colors] 2026-07-08T18:41:26.630157 #88     MethodDeclarationImpl.accept (package:analyzer/src/dart/ast/ast.dart:16275:50)
[avoid_hardcoded_colors] 2026-07-08T18:41:26.630157 #89     NodeListImpl.accept (package:analyzer/src/dart/ast/ast.dart:17661:20)
[avoid_hardcoded_colors] 2026-07-08T18:41:26.630157 #90     ClassDeclarationImpl.visitChildren (package:analyzer/src/dart/ast/ast.dart:3322:13)
[avoid_hardcoded_colors] 2026-07-08T18:41:26.630157 #91     GeneralizingAstVisitor.visitNode (package:analyzer/dart/ast/visitor.g.dart:474:10)
[avoid_hardcoded_colors] 2026-07-08T18:41:26.630157 #92     LinterVisitor.visitNode (package:custom_lint_visitor/src/node_lint_visitor.g.dart:855:11)
[avoid_hardcoded_colors] 2026-07-08T18:41:26.630157 #93     GeneralizingAstVisitor.visitAnnotatedNode (package:analyzer/dart/ast/visitor.g.dart:35:48)
[avoid_hardcoded_colors] 2026-07-08T18:41:26.630157 #94     LinterVisitor.visitAnnotatedNode (package:custom_lint_visitor/src/node_lint_visitor.g.dart:44:11)
[avoid_hardcoded_colors] 2026-07-08T18:41:26.630157 #95     GeneralizingAstVisitor.visitDeclaration (package:analyzer/dart/ast/visitor.g.dart:168:44)
[avoid_hardcoded_colors] 2026-07-08T18:41:26.630157 #96     LinterVisitor.visitDeclaration (package:custom_lint_visitor/src/node_lint_visitor.g.dart:302:11)
[avoid_hardcoded_colors] 2026-07-08T18:41:26.630157 #97     GeneralizingAstVisitor.visitCompilationUnitMember (package:analyzer/dart/ast/visitor.g.dart:130:7)
[avoid_hardcoded_colors] 2026-07-08T18:41:26.630157 #98     LinterVisitor.visitCompilationUnitMember (package:custom_lint_visitor/src/node_lint_visitor.g.dart:230:11)
[avoid_hardcoded_colors] 2026-07-08T18:41:26.630157 #99     GeneralizingAstVisitor.visitNamedCompilationUnitMember (package:analyzer/dart/ast/visitor.g.dart:450:7)
[avoid_hardcoded_colors] 2026-07-08T18:41:26.630157 #100    LinterVisitor.visitNamedCompilationUnitMember (package:custom_lint_visitor/src/node_lint_visitor.g.dart:813:11)
[avoid_hardcoded_colors] 2026-07-08T18:41:26.630157 #101    GeneralizingAstVisitor.visitClassDeclaration (package:analyzer/dart/ast/visitor.g.dart:103:7)
[avoid_hardcoded_colors] 2026-07-08T18:41:26.630157 #102    LinterVisitor.visitClassDeclaration (package:custom_lint_visitor/src/node_lint_visitor.g.dart:170:11)
[avoid_hardcoded_colors] 2026-07-08T18:41:26.630157 #103    ClassDeclarationImpl.accept (package:analyzer/src/dart/ast/ast.dart:3311:50)
[avoid_hardcoded_colors] 2026-07-08T18:41:26.630157 #104    NodeListImpl.accept (package:analyzer/src/dart/ast/ast.dart:17661:20)
[avoid_hardcoded_colors] 2026-07-08T18:41:26.630157 #105    CompilationUnitImpl.visitChildren (package:analyzer/src/dart/ast/ast.dart:4146:21)
[avoid_hardcoded_colors] 2026-07-08T18:41:26.630157 #106    GeneralizingAstVisitor.visitNode (package:analyzer/dart/ast/visitor.g.dart:474:10)
[avoid_hardcoded_colors] 2026-07-08T18:41:26.630157 #107    LinterVisitor.visitNode (package:custom_lint_visitor/src/node_lint_visitor.g.dart:855:11)
[avoid_hardcoded_colors] 2026-07-08T18:41:26.630157 #108    GeneralizingAstVisitor.visitCompilationUnit (package:analyzer/dart/ast/visitor.g.dart:127:52)
[avoid_hardcoded_colors] 2026-07-08T18:41:26.630157 #109    LinterVisitor.visitCompilationUnit (package:custom_lint_visitor/src/node_lint_visitor.g.dart:224:11)
[avoid_hardcoded_colors] 2026-07-08T18:41:26.630157 #110    CompilationUnitImpl.accept (package:analyzer/src/dart/ast/ast.dart:4123:50)
[avoid_hardcoded_colors] 2026-07-08T18:41:26.630157 #111    DartLintRule.startUp.<anonymous closure> (package:custom_lint_core/src/lint_rule.dart:136:17)
[avoid_hardcoded_colors] 2026-07-08T18:41:26.630157 #112    _rootRun (dart:async/zone_root.dart:35:13)
[avoid_hardcoded_colors] 2026-07-08T18:41:26.630157 #113    _CustomZone.run (dart:async/zone.dart:726:19)
[avoid_hardcoded_colors] 2026-07-08T18:41:26.630157 #114    _CustomZone.bindCallback.<anonymous closure> (dart:async/zone.dart:649:23)
[avoid_hardcoded_colors] 2026-07-08T18:41:26.630157 #115    runPostRunCallbacks (package:custom_lint_core/src/plugin_base.dart:16:19)
[avoid_hardcoded_colors] 2026-07-08T18:41:26.630157 #116    _ClientAnalyzerPlugin.analyzeFile.<anonymous closure> (package:custom_lint_builder/src/client.dart:967:7)
[avoid_hardcoded_colors] 2026-07-08T18:41:26.630157 <asynchronous suspension>
[avoid_hardcoded_colors] 2026-07-08T18:41:26.630157 #117    _ClientAnalyzerPlugin._runOperation (package:custom_lint_builder/src/client.dart:1095:14)
[avoid_hardcoded_colors] 2026-07-08T18:41:26.630157 <asynchronous suspension>
[avoid_hardcoded_colors] 2026-07-08T18:41:26.630157 #118    _ClientAnalyzerPlugin.analyzeFile (package:custom_lint_builder/src/client.dart:931:5)
[avoid_hardcoded_colors] 2026-07-08T18:41:26.630157 <asynchronous suspension>
[avoid_hardcoded_colors] 2026-07-08T18:41:26.630157 #119    ServerPlugin.analyzeFiles (package:analyzer_plugin/plugin/plugin.dart:113:7)
[avoid_hardcoded_colors] 2026-07-08T18:41:26.630157 <asynchronous suspension>
[avoid_hardcoded_colors] 2026-07-08T18:41:26.630157 #120    ServerPlugin.handleAffectedFiles (package:analyzer_plugin/plugin/plugin.dart:197:5)
[avoid_hardcoded_colors] 2026-07-08T18:41:26.630157 <asynchronous suspension>
[avoid_hardcoded_colors] 2026-07-08T18:41:26.630157 #121    ServerPlugin.contentChanged.<anonymous closure> (package:analyzer_plugin/plugin/plugin.dart:132:9)
[avoid_hardcoded_colors] 2026-07-08T18:41:26.630157 <asynchronous suspension>
[avoid_hardcoded_colors] 2026-07-08T18:41:26.630157 #122    ServerPlugin._forAnalysisContexts (package:analyzer_plugin/plugin/plugin.dart:514:9)
[avoid_hardcoded_colors] 2026-07-08T18:41:26.630157 <asynchronous suspension>
[avoid_hardcoded_colors] 2026-07-08T18:41:26.630157 #123    ServerPlugin.contentChanged (package:analyzer_plugin/plugin/plugin.dart:127:7)
[avoid_hardcoded_colors] 2026-07-08T18:41:26.630157 <asynchronous suspension>
[avoid_hardcoded_colors] 2026-07-08T18:41:26.630157 #124    ServerPlugin.handleAnalysisUpdateContent (package:analyzer_plugin/plugin/plugin.dart:342:5)
[avoid_hardcoded_colors] 2026-07-08T18:41:26.630157 <asynchronous suspension>
[avoid_hardcoded_colors] 2026-07-08T18:41:26.630157 #125    ServerPlugin._getResponse (package:analyzer_plugin/plugin/plugin.dart:552:18)
[avoid_hardcoded_colors] 2026-07-08T18:41:26.630157 <asynchronous suspension>
[avoid_hardcoded_colors] 2026-07-08T18:41:26.630157 #126    ServerPlugin._onRequest (package:analyzer_plugin/plugin/plugin.dart:606:18)
[avoid_hardcoded_colors] 2026-07-08T18:41:26.630157 <asynchronous suspension>
[avoid_hardcoded_colors] 2026-07-08T18:41:26.630157
[avoid_hardcoded_colors] 2026-07-08T18:41:26.631046 Plugin avoid_hardcoded_colors threw while analyzing /Users/fres/dev/projects/agora/apps/agora/lib/app/app.dart:
[avoid_hardcoded_colors] 2026-07-08T18:41:26.631046 RangeError (end): Invalid value: Not in inclusive range 2613..2615: 2629
[avoid_hardcoded_colors] 2026-07-08T18:41:26.631046 #0      RangeError.checkValidRange (dart:core/errors.dart:392:9)
[avoid_hardcoded_colors] 2026-07-08T18:41:26.631046 #1      _StringBase.substring (dart:core-patch/string_patch.dart:440:27)
[avoid_hardcoded_colors] 2026-07-08T18:41:26.631046 #2      parseIgnoreForLine (package:custom_lint_builder/src/ignore.dart:81:54)
[avoid_hardcoded_colors] 2026-07-08T18:41:26.631046 #3      _ClientAnalyzerPlugin.analyzeFile.<anonymous closure> (package:custom_lint_builder/src/client.dart:921:13)
[avoid_hardcoded_colors] 2026-07-08T18:41:26.631046 #4      _AnalysisErrorListenerDelegate.onError (package:custom_lint_builder/src/client.dart:1226:48)
[avoid_hardcoded_colors] 2026-07-08T18:41:26.631046 #5      DiagnosticOrErrorListenerExtension.onDiagnostic (package:analyzer/error/listener.dart:132:40)
[avoid_hardcoded_colors] 2026-07-08T18:41:26.631046 #6      DiagnosticReporter.reportError (package:analyzer/src/error/listener.dart:376:25)
[avoid_hardcoded_colors] 2026-07-08T18:41:26.631046 #7      DiagnosticReporter.atOffset (package:analyzer/src/error/listener.dart:319:5)
[avoid_hardcoded_colors] 2026-07-08T18:41:26.631046 #8      DiagnosticReporter.atNode (package:analyzer/src/error/listener.dart:258:12)
[avoid_hardcoded_colors] 2026-07-08T18:41:26.631046 #9      AvoidHardcodedColors.run.<anonymous closure> (package:design_lint/src/rules/avoid_hardcoded_colors.dart:55:18)
[avoid_hardcoded_colors] 2026-07-08T18:41:26.631046 #10     _rootRunUnary (dart:async/zone_root.dart:56:13)
[avoid_hardcoded_colors] 2026-07-08T18:41:26.631046 #11     _CustomZone.runUnary (dart:async/zone.dart:733:19)
[avoid_hardcoded_colors] 2026-07-08T18:41:26.631046 #12     LinterVisitor._runSubscriptions (package:custom_lint_visitor/src/node_lint_visitor.g.dart:27:27)
[avoid_hardcoded_colors] 2026-07-08T18:41:26.631046 #13     LinterVisitor.visitPrefixedIdentifier (package:custom_lint_visitor/src/node_lint_visitor.g.dart:957:5)
[avoid_hardcoded_colors] 2026-07-08T18:41:26.631046 #14     PrefixedIdentifierImpl.accept (package:analyzer/src/dart/ast/ast.dart:19657:50)
[avoid_hardcoded_colors] 2026-07-08T18:41:26.631046 #15     ConditionalExpressionImpl.visitChildren (package:analyzer/src/dart/ast/ast.dart:4431:20)
[avoid_hardcoded_colors] 2026-07-08T18:41:26.631046 #16     GeneralizingAstVisitor.visitNode (package:analyzer/dart/ast/visitor.g.dart:474:10)
[avoid_hardcoded_colors] 2026-07-08T18:41:26.631046 #17     LinterVisitor.visitNode (package:custom_lint_visitor/src/node_lint_visitor.g.dart:855:11)
[avoid_hardcoded_colors] 2026-07-08T18:41:26.631046 #18     GeneralizingAstVisitor.visitCollectionElement (package:analyzer/dart/ast/visitor.g.dart:113:56)
[avoid_hardcoded_colors] 2026-07-08T18:41:26.631046 #19     LinterVisitor.visitCollectionElement (package:custom_lint_visitor/src/node_lint_visitor.g.dart:194:11)
[avoid_hardcoded_colors] 2026-07-08T18:41:26.631046 #20     GeneralizingAstVisitor.visitExpression (package:analyzer/dart/ast/visitor.g.dart:234:42)
[avoid_hardcoded_colors] 2026-07-08T18:41:26.631046 #21     LinterVisitor.visitExpression (package:custom_lint_visitor/src/node_lint_visitor.g.dart:417:11)
[avoid_hardcoded_colors] 2026-07-08T18:41:26.631046 #22     GeneralizingAstVisitor.visitConditionalExpression (package:analyzer/dart/ast/visitor.g.dart:134:7)
[avoid_hardcoded_colors] 2026-07-08T18:41:26.631046 #23     LinterVisitor.visitConditionalExpression (package:custom_lint_visitor/src/node_lint_visitor.g.dart:236:11)
[avoid_hardcoded_colors] 2026-07-08T18:41:26.631046 #24     ConditionalExpressionImpl.accept (package:analyzer/src/dart/ast/ast.dart:4419:15)
[avoid_hardcoded_colors] 2026-07-08T18:41:26.631046 #25     NamedExpressionImpl.visitChildren (package:analyzer/src/dart/ast/ast.dart:17017:16)
[avoid_hardcoded_colors] 2026-07-08T18:41:26.631046 #26     GeneralizingAstVisitor.visitNode (package:analyzer/dart/ast/visitor.g.dart:474:10)
[avoid_hardcoded_colors] 2026-07-08T18:41:26.631046 #27     LinterVisitor.visitNode (package:custom_lint_visitor/src/node_lint_visitor.g.dart:855:11)
[avoid_hardcoded_colors] 2026-07-08T18:41:26.631046 #28     GeneralizingAstVisitor.visitCollectionElement (package:analyzer/dart/ast/visitor.g.dart:113:56)
[avoid_hardcoded_colors] 2026-07-08T18:41:26.631046 #29     LinterVisitor.visitCollectionElement (package:custom_lint_visitor/src/node_lint_visitor.g.dart:194:11)
[avoid_hardcoded_colors] 2026-07-08T18:41:26.631046 #30     GeneralizingAstVisitor.visitExpression (package:analyzer/dart/ast/visitor.g.dart:234:42)
[avoid_hardcoded_colors] 2026-07-08T18:41:26.631046 #31     LinterVisitor.visitExpression (package:custom_lint_visitor/src/node_lint_visitor.g.dart:417:11)
[avoid_hardcoded_colors] 2026-07-08T18:41:26.631046 #32     GeneralizingAstVisitor.visitNamedExpression (package:analyzer/dart/ast/visitor.g.dart:453:52)
[avoid_hardcoded_colors] 2026-07-08T18:41:26.631046 #33     LinterVisitor.visitNamedExpression (package:custom_lint_visitor/src/node_lint_visitor.g.dart:819:11)
[avoid_hardcoded_colors] 2026-07-08T18:41:26.631046 #34     NamedExpressionImpl.accept (package:analyzer/src/dart/ast/ast.dart:17005:50)
[avoid_hardcoded_colors] 2026-07-08T18:41:26.631046 #35     NodeListImpl.accept (package:analyzer/src/dart/ast/ast.dart:17661:20)
[avoid_hardcoded_colors] 2026-07-08T18:41:26.631046 #36     ArgumentListImpl.visitChildren (package:analyzer/src/dart/ast/ast.dart:586:15)
[avoid_hardcoded_colors] 2026-07-08T18:41:26.631046 #37     GeneralizingAstVisitor.visitNode (package:analyzer/dart/ast/visitor.g.dart:474:10)
[avoid_hardcoded_colors] 2026-07-08T18:41:26.631046 #38     LinterVisitor.visitNode (package:custom_lint_visitor/src/node_lint_visitor.g.dart:855:11)
[avoid_hardcoded_colors] 2026-07-08T18:41:26.631046 #39     GeneralizingAstVisitor.visitArgumentList (package:analyzer/dart/ast/visitor.g.dart:41:46)
[avoid_hardcoded_colors] 2026-07-08T18:41:26.631046 #40     LinterVisitor.visitArgumentList (package:custom_lint_visitor/src/node_lint_visitor.g.dart:56:11)
[avoid_hardcoded_colors] 2026-07-08T18:41:26.631046 #41     ArgumentListImpl.accept (package:analyzer/src/dart/ast/ast.dart:581:50)
[avoid_hardcoded_colors] 2026-07-08T18:41:26.631046 #42     InstanceCreationExpressionImpl.visitChildren (package:analyzer/src/dart/ast/ast.dart:14069:18)
[avoid_hardcoded_colors] 2026-07-08T18:41:26.631046 #43     GeneralizingAstVisitor.visitNode (package:analyzer/dart/ast/visitor.g.dart:474:10)
[avoid_hardcoded_colors] 2026-07-08T18:41:26.631046 #44     LinterVisitor.visitNode (package:custom_lint_visitor/src/node_lint_visitor.g.dart:855:11)
[avoid_hardcoded_colors] 2026-07-08T18:41:26.631046 #45     GeneralizingAstVisitor.visitCollectionElement (package:analyzer/dart/ast/visitor.g.dart:113:56)
[avoid_hardcoded_colors] 2026-07-08T18:41:26.631046 #46     LinterVisitor.visitCollectionElement (package:custom_lint_visitor/src/node_lint_visitor.g.dart:194:11)
[avoid_hardcoded_colors] 2026-07-08T18:41:26.631046 #47     GeneralizingAstVisitor.visitExpression (package:analyzer/dart/ast/visitor.g.dart:234:42)
[avoid_hardcoded_colors] 2026-07-08T18:41:26.631046 #48     LinterVisitor.visitExpression (package:custom_lint_visitor/src/node_lint_visitor.g.dart:417:11)
[avoid_hardcoded_colors] 2026-07-08T18:41:26.631046 #49     GeneralizingAstVisitor.visitInstanceCreationExpression (package:analyzer/dart/ast/visitor.g.dart:379:7)
[avoid_hardcoded_colors] 2026-07-08T18:41:26.631046 #50     LinterVisitor.visitInstanceCreationExpression (package:custom_lint_visitor/src/node_lint_visitor.g.dart:675:11)
[avoid_hardcoded_colors] 2026-07-08T18:41:26.631046 #51     InstanceCreationExpressionImpl.accept (package:analyzer/src/dart/ast/ast.dart:14056:15)
[avoid_hardcoded_colors] 2026-07-08T18:41:26.631046 #52     ReturnStatementImpl.visitChildren (package:analyzer/src/dart/ast/ast.dart:21615:17)
[avoid_hardcoded_colors] 2026-07-08T18:41:26.631046 #53     GeneralizingAstVisitor.visitNode (package:analyzer/dart/ast/visitor.g.dart:474:10)
[avoid_hardcoded_colors] 2026-07-08T18:41:26.631046 #54     LinterVisitor.visitNode (package:custom_lint_visitor/src/node_lint_visitor.g.dart:855:11)
[avoid_hardcoded_colors] 2026-07-08T18:41:26.631046 #55     GeneralizingAstVisitor.visitStatement (package:analyzer/dart/ast/visitor.g.dart:630:40)
[avoid_hardcoded_colors] 2026-07-08T18:41:26.631046 #56     LinterVisitor.visitStatement (package:custom_lint_visitor/src/node_lint_visitor.g.dart:1124:11)
[avoid_hardcoded_colors] 2026-07-08T18:41:26.631046 #57     GeneralizingAstVisitor.visitReturnStatement (package:analyzer/dart/ast/visitor.g.dart:602:52)
[avoid_hardcoded_colors] 2026-07-08T18:41:26.631046 #58     LinterVisitor.visitReturnStatement (package:custom_lint_visitor/src/node_lint_visitor.g.dart:1070:11)
[avoid_hardcoded_colors] 2026-07-08T18:41:26.631046 #59     ReturnStatementImpl.accept (package:analyzer/src/dart/ast/ast.dart:21610:50)
[avoid_hardcoded_colors] 2026-07-08T18:41:26.631046 #60     NodeListImpl.accept (package:analyzer/src/dart/ast/ast.dart:17661:20)
[avoid_hardcoded_colors] 2026-07-08T18:41:26.631046 #61     BlockImpl.visitChildren (package:analyzer/src/dart/ast/ast.dart:2028:16)
[avoid_hardcoded_colors] 2026-07-08T18:41:26.631046 #62     GeneralizingAstVisitor.visitNode (package:analyzer/dart/ast/visitor.g.dart:474:10)
[avoid_hardcoded_colors] 2026-07-08T18:41:26.631046 #63     LinterVisitor.visitNode (package:custom_lint_visitor/src/node_lint_visitor.g.dart:855:11)
[avoid_hardcoded_colors] 2026-07-08T18:41:26.631046 #64     GeneralizingAstVisitor.visitStatement (package:analyzer/dart/ast/visitor.g.dart:630:40)
[avoid_hardcoded_colors] 2026-07-08T18:41:26.631046 #65     LinterVisitor.visitStatement (package:custom_lint_visitor/src/node_lint_visitor.g.dart:1124:11)
[avoid_hardcoded_colors] 2026-07-08T18:41:26.631046 #66     GeneralizingAstVisitor.visitBlock (package:analyzer/dart/ast/visitor.g.dart:68:32)
[avoid_hardcoded_colors] 2026-07-08T18:41:26.631046 #67     LinterVisitor.visitBlock (package:custom_lint_visitor/src/node_lint_visitor.g.dart:104:11)
[avoid_hardcoded_colors] 2026-07-08T18:41:26.631046 #68     BlockImpl.accept (package:analyzer/src/dart/ast/ast.dart:2023:50)
[avoid_hardcoded_colors] 2026-07-08T18:41:26.631046 #69     BlockFunctionBodyImpl.visitChildren (package:analyzer/src/dart/ast/ast.dart:1958:11)
[avoid_hardcoded_colors] 2026-07-08T18:41:26.631046 #70     GeneralizingAstVisitor.visitNode (package:analyzer/dart/ast/visitor.g.dart:474:10)
[avoid_hardcoded_colors] 2026-07-08T18:41:26.631046 #71     LinterVisitor.visitNode (package:custom_lint_visitor/src/node_lint_visitor.g.dart:855:11)
[avoid_hardcoded_colors] 2026-07-08T18:41:26.631046 #72     GeneralizingAstVisitor.visitFunctionBody (package:analyzer/dart/ast/visitor.g.dart:307:46)
[avoid_hardcoded_colors] 2026-07-08T18:41:26.631046 #73     LinterVisitor.visitFunctionBody (package:custom_lint_visitor/src/node_lint_visitor.g.dart:555:11)
[avoid_hardcoded_colors] 2026-07-08T18:41:26.631046 #74     GeneralizingAstVisitor.visitBlockFunctionBody (package:analyzer/dart/ast/visitor.g.dart:75:56)
[avoid_hardcoded_colors] 2026-07-08T18:41:26.631046 #75     LinterVisitor.visitBlockFunctionBody (package:custom_lint_visitor/src/node_lint_visitor.g.dart:116:11)
[avoid_hardcoded_colors] 2026-07-08T18:41:26.631046 #76     BlockFunctionBodyImpl.accept (package:analyzer/src/dart/ast/ast.dart:1949:50)
[avoid_hardcoded_colors] 2026-07-08T18:41:26.631046 #77     MethodDeclarationImpl.visitChildren (package:analyzer/src/dart/ast/ast.dart:16284:10)
[avoid_hardcoded_colors] 2026-07-08T18:41:26.631046 #78     GeneralizingAstVisitor.visitNode (package:analyzer/dart/ast/visitor.g.dart:474:10)
[avoid_hardcoded_colors] 2026-07-08T18:41:26.631046 #79     LinterVisitor.visitNode (package:custom_lint_visitor/src/node_lint_visitor.g.dart:855:11)
[avoid_hardcoded_colors] 2026-07-08T18:41:26.631046 #80     GeneralizingAstVisitor.visitAnnotatedNode (package:analyzer/dart/ast/visitor.g.dart:35:48)
[avoid_hardcoded_colors] 2026-07-08T18:41:26.631046 #81     LinterVisitor.visitAnnotatedNode (package:custom_lint_visitor/src/node_lint_visitor.g.dart:44:11)
[avoid_hardcoded_colors] 2026-07-08T18:41:26.631046 #82     GeneralizingAstVisitor.visitDeclaration (package:analyzer/dart/ast/visitor.g.dart:168:44)
[avoid_hardcoded_colors] 2026-07-08T18:41:26.631046 #83     LinterVisitor.visitDeclaration (package:custom_lint_visitor/src/node_lint_visitor.g.dart:302:11)
[avoid_hardcoded_colors] 2026-07-08T18:41:26.631046 #84     GeneralizingAstVisitor.visitClassMember (package:analyzer/dart/ast/visitor.g.dart:105:44)
[avoid_hardcoded_colors] 2026-07-08T18:41:26.631046 #85     LinterVisitor.visitClassMember (package:custom_lint_visitor/src/node_lint_visitor.g.dart:176:11)
[avoid_hardcoded_colors] 2026-07-08T18:41:26.631046 #86     GeneralizingAstVisitor.visitMethodDeclaration (package:analyzer/dart/ast/visitor.g.dart:436:56)
[avoid_hardcoded_colors] 2026-07-08T18:41:26.631046 #87     LinterVisitor.visitMethodDeclaration (package:custom_lint_visitor/src/node_lint_visitor.g.dart:789:11)
[avoid_hardcoded_colors] 2026-07-08T18:41:26.631046 #88     MethodDeclarationImpl.accept (package:analyzer/src/dart/ast/ast.dart:16275:50)
[avoid_hardcoded_colors] 2026-07-08T18:41:26.631046 #89     NodeListImpl.accept (package:analyzer/src/dart/ast/ast.dart:17661:20)
[avoid_hardcoded_colors] 2026-07-08T18:41:26.631046 #90     ClassDeclarationImpl.visitChildren (package:analyzer/src/dart/ast/ast.dart:3322:13)
[avoid_hardcoded_colors] 2026-07-08T18:41:26.631046 #91     GeneralizingAstVisitor.visitNode (package:analyzer/dart/ast/visitor.g.dart:474:10)
[avoid_hardcoded_colors] 2026-07-08T18:41:26.631046 #92     LinterVisitor.visitNode (package:custom_lint_visitor/src/node_lint_visitor.g.dart:855:11)
[avoid_hardcoded_colors] 2026-07-08T18:41:26.631046 #93     GeneralizingAstVisitor.visitAnnotatedNode (package:analyzer/dart/ast/visitor.g.dart:35:48)
[avoid_hardcoded_colors] 2026-07-08T18:41:26.631046 #94     LinterVisitor.visitAnnotatedNode (package:custom_lint_visitor/src/node_lint_visitor.g.dart:44:11)
[avoid_hardcoded_colors] 2026-07-08T18:41:26.631046 #95     GeneralizingAstVisitor.visitDeclaration (package:analyzer/dart/ast/visitor.g.dart:168:44)
[avoid_hardcoded_colors] 2026-07-08T18:41:26.631046 #96     LinterVisitor.visitDeclaration (package:custom_lint_visitor/src/node_lint_visitor.g.dart:302:11)
[avoid_hardcoded_colors] 2026-07-08T18:41:26.631046 #97     GeneralizingAstVisitor.visitCompilationUnitMember (package:analyzer/dart/ast/visitor.g.dart:130:7)
[avoid_hardcoded_colors] 2026-07-08T18:41:26.631046 #98     LinterVisitor.visitCompilationUnitMember (package:custom_lint_visitor/src/node_lint_visitor.g.dart:230:11)
[avoid_hardcoded_colors] 2026-07-08T18:41:26.631046 #99     GeneralizingAstVisitor.visitNamedCompilationUnitMember (package:analyzer/dart/ast/visitor.g.dart:450:7)
[avoid_hardcoded_colors] 2026-07-08T18:41:26.631046 #100    LinterVisitor.visitNamedCompilationUnitMember (package:custom_lint_visitor/src/node_lint_visitor.g.dart:813:11)
[avoid_hardcoded_colors] 2026-07-08T18:41:26.631046 #101    GeneralizingAstVisitor.visitClassDeclaration (package:analyzer/dart/ast/visitor.g.dart:103:7)
[avoid_hardcoded_colors] 2026-07-08T18:41:26.631046 #102    LinterVisitor.visitClassDeclaration (package:custom_lint_visitor/src/node_lint_visitor.g.dart:170:11)
[avoid_hardcoded_colors] 2026-07-08T18:41:26.631046 #103    ClassDeclarationImpl.accept (package:analyzer/src/dart/ast/ast.dart:3311:50)
[avoid_hardcoded_colors] 2026-07-08T18:41:26.631046 #104    NodeListImpl.accept (package:analyzer/src/dart/ast/ast.dart:17661:20)
[avoid_hardcoded_colors] 2026-07-08T18:41:26.631046 #105    CompilationUnitImpl.visitChildren (package:analyzer/src/dart/ast/ast.dart:4146:21)
[avoid_hardcoded_colors] 2026-07-08T18:41:26.631046 #106    GeneralizingAstVisitor.visitNode (package:analyzer/dart/ast/visitor.g.dart:474:10)
[avoid_hardcoded_colors] 2026-07-08T18:41:26.631046 #107    LinterVisitor.visitNode (package:custom_lint_visitor/src/node_lint_visitor.g.dart:855:11)
[avoid_hardcoded_colors] 2026-07-08T18:41:26.631046 #108    GeneralizingAstVisitor.visitCompilationUnit (package:analyzer/dart/ast/visitor.g.dart:127:52)
[avoid_hardcoded_colors] 2026-07-08T18:41:26.631046 #109    LinterVisitor.visitCompilationUnit (package:custom_lint_visitor/src/node_lint_visitor.g.dart:224:11)
[avoid_hardcoded_colors] 2026-07-08T18:41:26.631046 #110    CompilationUnitImpl.accept (package:analyzer/src/dart/ast/ast.dart:4123:50)
[avoid_hardcoded_colors] 2026-07-08T18:41:26.631046 #111    DartLintRule.startUp.<anonymous closure> (package:custom_lint_core/src/lint_rule.dart:136:17)
[avoid_hardcoded_colors] 2026-07-08T18:41:26.631046 #112    _rootRun (dart:async/zone_root.dart:35:13)
[avoid_hardcoded_colors] 2026-07-08T18:41:26.631046 #113    _CustomZone.run (dart:async/zone.dart:726:19)
[avoid_hardcoded_colors] 2026-07-08T18:41:26.631046 #114    _CustomZone.bindCallback.<anonymous closure> (dart:async/zone.dart:649:23)
[avoid_hardcoded_colors] 2026-07-08T18:41:26.631046 #115    runPostRunCallbacks (package:custom_lint_core/src/plugin_base.dart:16:19)
[avoid_hardcoded_colors] 2026-07-08T18:41:26.631046 #116    _ClientAnalyzerPlugin.analyzeFile.<anonymous closure> (package:custom_lint_builder/src/client.dart:967:7)
[avoid_hardcoded_colors] 2026-07-08T18:41:26.631046 <asynchronous suspension>
[avoid_hardcoded_colors] 2026-07-08T18:41:26.631046 #117    _ClientAnalyzerPlugin._runOperation (package:custom_lint_builder/src/client.dart:1095:14)
[avoid_hardcoded_colors] 2026-07-08T18:41:26.631046 <asynchronous suspension>
[avoid_hardcoded_colors] 2026-07-08T18:41:26.631046 #118    _ClientAnalyzerPlugin.analyzeFile (package:custom_lint_builder/src/client.dart:931:5)
[avoid_hardcoded_colors] 2026-07-08T18:41:26.631046 <asynchronous suspension>
[avoid_hardcoded_colors] 2026-07-08T18:41:26.631046 #119    ServerPlugin.analyzeFiles (package:analyzer_plugin/plugin/plugin.dart:113:7)
[avoid_hardcoded_colors] 2026-07-08T18:41:26.631046 <asynchronous suspension>
[avoid_hardcoded_colors] 2026-07-08T18:41:26.631046 #120    ServerPlugin.handleAffectedFiles (package:analyzer_plugin/plugin/plugin.dart:197:5)
[avoid_hardcoded_colors] 2026-07-08T18:41:26.631046 <asynchronous suspension>
[avoid_hardcoded_colors] 2026-07-08T18:41:26.631046 #121    ServerPlugin.contentChanged.<anonymous closure> (package:analyzer_plugin/plugin/plugin.dart:132:9)
[avoid_hardcoded_colors] 2026-07-08T18:41:26.631046 <asynchronous suspension>
[avoid_hardcoded_colors] 2026-07-08T18:41:26.631046 #122    ServerPlugin._forAnalysisContexts (package:analyzer_plugin/plugin/plugin.dart:514:9)
[avoid_hardcoded_colors] 2026-07-08T18:41:26.631046 <asynchronous suspension>
[avoid_hardcoded_colors] 2026-07-08T18:41:26.631046 #123    ServerPlugin.contentChanged (package:analyzer_plugin/plugin/plugin.dart:127:7)
[avoid_hardcoded_colors] 2026-07-08T18:41:26.631046 <asynchronous suspension>
[avoid_hardcoded_colors] 2026-07-08T18:41:26.631046 #124    ServerPlugin.handleAnalysisUpdateContent (package:analyzer_plugin/plugin/plugin.dart:342:5)
[avoid_hardcoded_colors] 2026-07-08T18:41:26.631046 <asynchronous suspension>
[avoid_hardcoded_colors] 2026-07-08T18:41:26.631046 #125    ServerPlugin._getResponse (package:analyzer_plugin/plugin/plugin.dart:552:18)
[avoid_hardcoded_colors] 2026-07-08T18:41:26.631046 <asynchronous suspension>
[avoid_hardcoded_colors] 2026-07-08T18:41:26.631046 #126    ServerPlugin._onRequest (package:analyzer_plugin/plugin/plugin.dart:606:18)
[avoid_hardcoded_colors] 2026-07-08T18:41:26.631046 <asynchronous suspension>
[avoid_hardcoded_colors] 2026-07-08T18:41:26.631046
[avoid_hardcoded_colors] 2026-07-08T18:41:26.631706 Plugin avoid_hardcoded_colors threw while analyzing /Users/fres/dev/projects/agora/apps/agora/lib/app/app.dart:
[avoid_hardcoded_colors] 2026-07-08T18:41:26.631706 RangeError (end): Invalid value: Not in inclusive range 2613..2615: 2649
[avoid_hardcoded_colors] 2026-07-08T18:41:26.631706 #0      RangeError.checkValidRange (dart:core/errors.dart:392:9)
[avoid_hardcoded_colors] 2026-07-08T18:41:26.631706 #1      _StringBase.substring (dart:core-patch/string_patch.dart:440:27)
[avoid_hardcoded_colors] 2026-07-08T18:41:26.631706 #2      parseIgnoreForLine (package:custom_lint_builder/src/ignore.dart:81:54)
[avoid_hardcoded_colors] 2026-07-08T18:41:26.631706 #3      _ClientAnalyzerPlugin.analyzeFile.<anonymous closure> (package:custom_lint_builder/src/client.dart:921:13)
[avoid_hardcoded_colors] 2026-07-08T18:41:26.631706 #4      _AnalysisErrorListenerDelegate.onError (package:custom_lint_builder/src/client.dart:1226:48)
[avoid_hardcoded_colors] 2026-07-08T18:41:26.631706 #5      DiagnosticOrErrorListenerExtension.onDiagnostic (package:analyzer/error/listener.dart:132:40)
[avoid_hardcoded_colors] 2026-07-08T18:41:26.631706 #6      DiagnosticReporter.reportError (package:analyzer/src/error/listener.dart:376:25)
[avoid_hardcoded_colors] 2026-07-08T18:41:26.631706 #7      DiagnosticReporter.atOffset (package:analyzer/src/error/listener.dart:319:5)
[avoid_hardcoded_colors] 2026-07-08T18:41:26.631706 #8      DiagnosticReporter.atNode (package:analyzer/src/error/listener.dart:258:12)
[avoid_hardcoded_colors] 2026-07-08T18:41:26.631706 #9      AvoidHardcodedColors.run.<anonymous closure> (package:design_lint/src/rules/avoid_hardcoded_colors.dart:55:18)
[avoid_hardcoded_colors] 2026-07-08T18:41:26.631706 #10     _rootRunUnary (dart:async/zone_root.dart:56:13)
[avoid_hardcoded_colors] 2026-07-08T18:41:26.631706 #11     _CustomZone.runUnary (dart:async/zone.dart:733:19)
[avoid_hardcoded_colors] 2026-07-08T18:41:26.631706 #12     LinterVisitor._runSubscriptions (package:custom_lint_visitor/src/node_lint_visitor.g.dart:27:27)
[avoid_hardcoded_colors] 2026-07-08T18:41:26.631706 #13     LinterVisitor.visitPrefixedIdentifier (package:custom_lint_visitor/src/node_lint_visitor.g.dart:957:5)
[avoid_hardcoded_colors] 2026-07-08T18:41:26.631706 #14     PrefixedIdentifierImpl.accept (package:analyzer/src/dart/ast/ast.dart:19657:50)
[avoid_hardcoded_colors] 2026-07-08T18:41:26.631706 #15     ConditionalExpressionImpl.visitChildren (package:analyzer/src/dart/ast/ast.dart:4432:20)
[avoid_hardcoded_colors] 2026-07-08T18:41:26.631706 #16     GeneralizingAstVisitor.visitNode (package:analyzer/dart/ast/visitor.g.dart:474:10)
[avoid_hardcoded_colors] 2026-07-08T18:41:26.631706 #17     LinterVisitor.visitNode (package:custom_lint_visitor/src/node_lint_visitor.g.dart:855:11)
[avoid_hardcoded_colors] 2026-07-08T18:41:26.631706 #18     GeneralizingAstVisitor.visitCollectionElement (package:analyzer/dart/ast/visitor.g.dart:113:56)
[avoid_hardcoded_colors] 2026-07-08T18:41:26.631706 #19     LinterVisitor.visitCollectionElement (package:custom_lint_visitor/src/node_lint_visitor.g.dart:194:11)
[avoid_hardcoded_colors] 2026-07-08T18:41:26.631706 #20     GeneralizingAstVisitor.visitExpression (package:analyzer/dart/ast/visitor.g.dart:234:42)
[avoid_hardcoded_colors] 2026-07-08T18:41:26.631706 #21     LinterVisitor.visitExpression (package:custom_lint_visitor/src/node_lint_visitor.g.dart:417:11)
[avoid_hardcoded_colors] 2026-07-08T18:41:26.631706 #22     GeneralizingAstVisitor.visitConditionalExpression (package:analyzer/dart/ast/visitor.g.dart:134:7)
[avoid_hardcoded_colors] 2026-07-08T18:41:26.631706 #23     LinterVisitor.visitConditionalExpression (package:custom_lint_visitor/src/node_lint_visitor.g.dart:236:11)
[avoid_hardcoded_colors] 2026-07-08T18:41:26.631706 #24     ConditionalExpressionImpl.accept (package:analyzer/src/dart/ast/ast.dart:4419:15)
[avoid_hardcoded_colors] 2026-07-08T18:41:26.631706 #25     NamedExpressionImpl.visitChildren (package:analyzer/src/dart/ast/ast.dart:17017:16)
[avoid_hardcoded_colors] 2026-07-08T18:41:26.631706 #26     GeneralizingAstVisitor.visitNode (package:analyzer/dart/ast/visitor.g.dart:474:10)
[avoid_hardcoded_colors] 2026-07-08T18:41:26.631706 #27     LinterVisitor.visitNode (package:custom_lint_visitor/src/node_lint_visitor.g.dart:855:11)
[avoid_hardcoded_colors] 2026-07-08T18:41:26.631706 #28     GeneralizingAstVisitor.visitCollectionElement (package:analyzer/dart/ast/visitor.g.dart:113:56)
[avoid_hardcoded_colors] 2026-07-08T18:41:26.631706 #29     LinterVisitor.visitCollectionElement (package:custom_lint_visitor/src/node_lint_visitor.g.dart:194:11)
[avoid_hardcoded_colors] 2026-07-08T18:41:26.631706 #30     GeneralizingAstVisitor.visitExpression (package:analyzer/dart/ast/visitor.g.dart:234:42)
[avoid_hardcoded_colors] 2026-07-08T18:41:26.631706 #31     LinterVisitor.visitExpression (package:custom_lint_visitor/src/node_lint_visitor.g.dart:417:11)
[avoid_hardcoded_colors] 2026-07-08T18:41:26.631706 #32     GeneralizingAstVisitor.visitNamedExpression (package:analyzer/dart/ast/visitor.g.dart:453:52)
[avoid_hardcoded_colors] 2026-07-08T18:41:26.631706 #33     LinterVisitor.visitNamedExpression (package:custom_lint_visitor/src/node_lint_visitor.g.dart:819:11)
[avoid_hardcoded_colors] 2026-07-08T18:41:26.631706 #34     NamedExpressionImpl.accept (package:analyzer/src/dart/ast/ast.dart:17005:50)
[avoid_hardcoded_colors] 2026-07-08T18:41:26.631706 #35     NodeListImpl.accept (package:analyzer/src/dart/ast/ast.dart:17661:20)
[avoid_hardcoded_colors] 2026-07-08T18:41:26.631706 #36     ArgumentListImpl.visitChildren (package:analyzer/src/dart/ast/ast.dart:586:15)
[avoid_hardcoded_colors] 2026-07-08T18:41:26.631706 #37     GeneralizingAstVisitor.visitNode (package:analyzer/dart/ast/visitor.g.dart:474:10)
[avoid_hardcoded_colors] 2026-07-08T18:41:26.631706 #38     LinterVisitor.visitNode (package:custom_lint_visitor/src/node_lint_visitor.g.dart:855:11)
[avoid_hardcoded_colors] 2026-07-08T18:41:26.631706 #39     GeneralizingAstVisitor.visitArgumentList (package:analyzer/dart/ast/visitor.g.dart:41:46)
[avoid_hardcoded_colors] 2026-07-08T18:41:26.631706 #40     LinterVisitor.visitArgumentList (package:custom_lint_visitor/src/node_lint_visitor.g.dart:56:11)
[avoid_hardcoded_colors] 2026-07-08T18:41:26.631706 #41     ArgumentListImpl.accept (package:analyzer/src/dart/ast/ast.dart:581:50)
[avoid_hardcoded_colors] 2026-07-08T18:41:26.631706 #42     InstanceCreationExpressionImpl.visitChildren (package:analyzer/src/dart/ast/ast.dart:14069:18)
[avoid_hardcoded_colors] 2026-07-08T18:41:26.631706 #43     GeneralizingAstVisitor.visitNode (package:analyzer/dart/ast/visitor.g.dart:474:10)
[avoid_hardcoded_colors] 2026-07-08T18:41:26.631706 #44     LinterVisitor.visitNode (package:custom_lint_visitor/src/node_lint_visitor.g.dart:855:11)
[avoid_hardcoded_colors] 2026-07-08T18:41:26.631706 #45     GeneralizingAstVisitor.visitCollectionElement (package:analyzer/dart/ast/visitor.g.dart:113:56)
[avoid_hardcoded_colors] 2026-07-08T18:41:26.631706 #46     LinterVisitor.visitCollectionElement (package:custom_lint_visitor/src/node_lint_visitor.g.dart:194:11)
[avoid_hardcoded_colors] 2026-07-08T18:41:26.631706 #47     GeneralizingAstVisitor.visitExpression (package:analyzer/dart/ast/visitor.g.dart:234:42)
[avoid_hardcoded_colors] 2026-07-08T18:41:26.631706 #48     LinterVisitor.visitExpression (package:custom_lint_visitor/src/node_lint_visitor.g.dart:417:11)
[avoid_hardcoded_colors] 2026-07-08T18:41:26.631706 #49     GeneralizingAstVisitor.visitInstanceCreationExpression (package:analyzer/dart/ast/visitor.g.dart:379:7)
[avoid_hardcoded_colors] 2026-07-08T18:41:26.631706 #50     LinterVisitor.visitInstanceCreationExpression (package:custom_lint_visitor/src/node_lint_visitor.g.dart:675:11)
[avoid_hardcoded_colors] 2026-07-08T18:41:26.631706 #51     InstanceCreationExpressionImpl.accept (package:analyzer/src/dart/ast/ast.dart:14056:15)
[avoid_hardcoded_colors] 2026-07-08T18:41:26.631706 #52     ReturnStatementImpl.visitChildren (package:analyzer/src/dart/ast/ast.dart:21615:17)
[avoid_hardcoded_colors] 2026-07-08T18:41:26.631706 #53     GeneralizingAstVisitor.visitNode (package:analyzer/dart/ast/visitor.g.dart:474:10)
[avoid_hardcoded_colors] 2026-07-08T18:41:26.631706 #54     LinterVisitor.visitNode (package:custom_lint_visitor/src/node_lint_visitor.g.dart:855:11)
[avoid_hardcoded_colors] 2026-07-08T18:41:26.631706 #55     GeneralizingAstVisitor.visitStatement (package:analyzer/dart/ast/visitor.g.dart:630:40)
[avoid_hardcoded_colors] 2026-07-08T18:41:26.631706 #56     LinterVisitor.visitStatement (package:custom_lint_visitor/src/node_lint_visitor.g.dart:1124:11)
[avoid_hardcoded_colors] 2026-07-08T18:41:26.631706 #57     GeneralizingAstVisitor.visitReturnStatement (package:analyzer/dart/ast/visitor.g.dart:602:52)
[avoid_hardcoded_colors] 2026-07-08T18:41:26.631706 #58     LinterVisitor.visitReturnStatement (package:custom_lint_visitor/src/node_lint_visitor.g.dart:1070:11)
[avoid_hardcoded_colors] 2026-07-08T18:41:26.631706 #59     ReturnStatementImpl.accept (package:analyzer/src/dart/ast/ast.dart:21610:50)
[avoid_hardcoded_colors] 2026-07-08T18:41:26.631706 #60     NodeListImpl.accept (package:analyzer/src/dart/ast/ast.dart:17661:20)
[avoid_hardcoded_colors] 2026-07-08T18:41:26.631706 #61     BlockImpl.visitChildren (package:analyzer/src/dart/ast/ast.dart:2028:16)
[avoid_hardcoded_colors] 2026-07-08T18:41:26.631706 #62     GeneralizingAstVisitor.visitNode (package:analyzer/dart/ast/visitor.g.dart:474:10)
[avoid_hardcoded_colors] 2026-07-08T18:41:26.631706 #63     LinterVisitor.visitNode (package:custom_lint_visitor/src/node_lint_visitor.g.dart:855:11)
[avoid_hardcoded_colors] 2026-07-08T18:41:26.631706 #64     GeneralizingAstVisitor.visitStatement (package:analyzer/dart/ast/visitor.g.dart:630:40)
[avoid_hardcoded_colors] 2026-07-08T18:41:26.631706 #65     LinterVisitor.visitStatement (package:custom_lint_visitor/src/node_lint_visitor.g.dart:1124:11)
[avoid_hardcoded_colors] 2026-07-08T18:41:26.631706 #66     GeneralizingAstVisitor.visitBlock (package:analyzer/dart/ast/visitor.g.dart:68:32)
[avoid_hardcoded_colors] 2026-07-08T18:41:26.631706 #67     LinterVisitor.visitBlock (package:custom_lint_visitor/src/node_lint_visitor.g.dart:104:11)
[avoid_hardcoded_colors] 2026-07-08T18:41:26.631706 #68     BlockImpl.accept (package:analyzer/src/dart/ast/ast.dart:2023:50)
[avoid_hardcoded_colors] 2026-07-08T18:41:26.631706 #69     BlockFunctionBodyImpl.visitChildren (package:analyzer/src/dart/ast/ast.dart:1958:11)
[avoid_hardcoded_colors] 2026-07-08T18:41:26.631706 #70     GeneralizingAstVisitor.visitNode (package:analyzer/dart/ast/visitor.g.dart:474:10)
[avoid_hardcoded_colors] 2026-07-08T18:41:26.631706 #71     LinterVisitor.visitNode (package:custom_lint_visitor/src/node_lint_visitor.g.dart:855:11)
[avoid_hardcoded_colors] 2026-07-08T18:41:26.631706 #72     GeneralizingAstVisitor.visitFunctionBody (package:analyzer/dart/ast/visitor.g.dart:307:46)
[avoid_hardcoded_colors] 2026-07-08T18:41:26.631706 #73     LinterVisitor.visitFunctionBody (package:custom_lint_visitor/src/node_lint_visitor.g.dart:555:11)
[avoid_hardcoded_colors] 2026-07-08T18:41:26.631706 #74     GeneralizingAstVisitor.visitBlockFunctionBody (package:analyzer/dart/ast/visitor.g.dart:75:56)
[avoid_hardcoded_colors] 2026-07-08T18:41:26.631706 #75     LinterVisitor.visitBlockFunctionBody (package:custom_lint_visitor/src/node_lint_visitor.g.dart:116:11)
[avoid_hardcoded_colors] 2026-07-08T18:41:26.631706 #76     BlockFunctionBodyImpl.accept (package:analyzer/src/dart/ast/ast.dart:1949:50)
[avoid_hardcoded_colors] 2026-07-08T18:41:26.631706 #77     MethodDeclarationImpl.visitChildren (package:analyzer/src/dart/ast/ast.dart:16284:10)
[avoid_hardcoded_colors] 2026-07-08T18:41:26.631706 #78     GeneralizingAstVisitor.visitNode (package:analyzer/dart/ast/visitor.g.dart:474:10)
[avoid_hardcoded_colors] 2026-07-08T18:41:26.631706 #79     LinterVisitor.visitNode (package:custom_lint_visitor/src/node_lint_visitor.g.dart:855:11)
[avoid_hardcoded_colors] 2026-07-08T18:41:26.631706 #80     GeneralizingAstVisitor.visitAnnotatedNode (package:analyzer/dart/ast/visitor.g.dart:35:48)
[avoid_hardcoded_colors] 2026-07-08T18:41:26.631706 #81     LinterVisitor.visitAnnotatedNode (package:custom_lint_visitor/src/node_lint_visitor.g.dart:44:11)
[avoid_hardcoded_colors] 2026-07-08T18:41:26.631706 #82     GeneralizingAstVisitor.visitDeclaration (package:analyzer/dart/ast/visitor.g.dart:168:44)
[avoid_hardcoded_colors] 2026-07-08T18:41:26.631706 #83     LinterVisitor.visitDeclaration (package:custom_lint_visitor/src/node_lint_visitor.g.dart:302:11)
[avoid_hardcoded_colors] 2026-07-08T18:41:26.631706 #84     GeneralizingAstVisitor.visitClassMember (package:analyzer/dart/ast/visitor.g.dart:105:44)
[avoid_hardcoded_colors] 2026-07-08T18:41:26.631706 #85     LinterVisitor.visitClassMember (package:custom_lint_visitor/src/node_lint_visitor.g.dart:176:11)
[avoid_hardcoded_colors] 2026-07-08T18:41:26.631706 #86     GeneralizingAstVisitor.visitMethodDeclaration (package:analyzer/dart/ast/visitor.g.dart:436:56)
[avoid_hardcoded_colors] 2026-07-08T18:41:26.631706 #87     LinterVisitor.visitMethodDeclaration (package:custom_lint_visitor/src/node_lint_visitor.g.dart:789:11)
[avoid_hardcoded_colors] 2026-07-08T18:41:26.631706 #88     MethodDeclarationImpl.accept (package:analyzer/src/dart/ast/ast.dart:16275:50)
[avoid_hardcoded_colors] 2026-07-08T18:41:26.631706 #89     NodeListImpl.accept (package:analyzer/src/dart/ast/ast.dart:17661:20)
[avoid_hardcoded_colors] 2026-07-08T18:41:26.631706 #90     ClassDeclarationImpl.visitChildren (package:analyzer/src/dart/ast/ast.dart:3322:13)
[avoid_hardcoded_colors] 2026-07-08T18:41:26.631706 #91     GeneralizingAstVisitor.visitNode (package:analyzer/dart/ast/visitor.g.dart:474:10)
[avoid_hardcoded_colors] 2026-07-08T18:41:26.631706 #92     LinterVisitor.visitNode (package:custom_lint_visitor/src/node_lint_visitor.g.dart:855:11)
[avoid_hardcoded_colors] 2026-07-08T18:41:26.631706 #93     GeneralizingAstVisitor.visitAnnotatedNode (package:analyzer/dart/ast/visitor.g.dart:35:48)
[avoid_hardcoded_colors] 2026-07-08T18:41:26.631706 #94     LinterVisitor.visitAnnotatedNode (package:custom_lint_visitor/src/node_lint_visitor.g.dart:44:11)
[avoid_hardcoded_colors] 2026-07-08T18:41:26.631706 #95     GeneralizingAstVisitor.visitDeclaration (package:analyzer/dart/ast/visitor.g.dart:168:44)
[avoid_hardcoded_colors] 2026-07-08T18:41:26.631706 #96     LinterVisitor.visitDeclaration (package:custom_lint_visitor/src/node_lint_visitor.g.dart:302:11)
[avoid_hardcoded_colors] 2026-07-08T18:41:26.631706 #97     GeneralizingAstVisitor.visitCompilationUnitMember (package:analyzer/dart/ast/visitor.g.dart:130:7)
[avoid_hardcoded_colors] 2026-07-08T18:41:26.631706 #98     LinterVisitor.visitCompilationUnitMember (package:custom_lint_visitor/src/node_lint_visitor.g.dart:230:11)
[avoid_hardcoded_colors] 2026-07-08T18:41:26.631706 #99     GeneralizingAstVisitor.visitNamedCompilationUnitMember (package:analyzer/dart/ast/visitor.g.dart:450:7)
[avoid_hardcoded_colors] 2026-07-08T18:41:26.631706 #100    LinterVisitor.visitNamedCompilationUnitMember (package:custom_lint_visitor/src/node_lint_visitor.g.dart:813:11)
[avoid_hardcoded_colors] 2026-07-08T18:41:26.631706 #101    GeneralizingAstVisitor.visitClassDeclaration (package:analyzer/dart/ast/visitor.g.dart:103:7)
[avoid_hardcoded_colors] 2026-07-08T18:41:26.631706 #102    LinterVisitor.visitClassDeclaration (package:custom_lint_visitor/src/node_lint_visitor.g.dart:170:11)
[avoid_hardcoded_colors] 2026-07-08T18:41:26.631706 #103    ClassDeclarationImpl.accept (package:analyzer/src/dart/ast/ast.dart:3311:50)
[avoid_hardcoded_colors] 2026-07-08T18:41:26.631706 #104    NodeListImpl.accept (package:analyzer/src/dart/ast/ast.dart:17661:20)
[avoid_hardcoded_colors] 2026-07-08T18:41:26.631706 #105    CompilationUnitImpl.visitChildren (package:analyzer/src/dart/ast/ast.dart:4146:21)
[avoid_hardcoded_colors] 2026-07-08T18:41:26.631706 #106    GeneralizingAstVisitor.visitNode (package:analyzer/dart/ast/visitor.g.dart:474:10)
[avoid_hardcoded_colors] 2026-07-08T18:41:26.631706 #107    LinterVisitor.visitNode (package:custom_lint_visitor/src/node_lint_visitor.g.dart:855:11)
[avoid_hardcoded_colors] 2026-07-08T18:41:26.631706 #108    GeneralizingAstVisitor.visitCompilationUnit (package:analyzer/dart/ast/visitor.g.dart:127:52)
[avoid_hardcoded_colors] 2026-07-08T18:41:26.631706 #109    LinterVisitor.visitCompilationUnit (package:custom_lint_visitor/src/node_lint_visitor.g.dart:224:11)
[avoid_hardcoded_colors] 2026-07-08T18:41:26.631706 #110    CompilationUnitImpl.accept (package:analyzer/src/dart/ast/ast.dart:4123:50)
[avoid_hardcoded_colors] 2026-07-08T18:41:26.631706 #111    DartLintRule.startUp.<anonymous closure> (package:custom_lint_core/src/lint_rule.dart:136:17)
[avoid_hardcoded_colors] 2026-07-08T18:41:26.631706 #112    _rootRun (dart:async/zone_root.dart:35:13)
[avoid_hardcoded_colors] 2026-07-08T18:41:26.631706 #113    _CustomZone.run (dart:async/zone.dart:726:19)
[avoid_hardcoded_colors] 2026-07-08T18:41:26.631706 #114    _CustomZone.bindCallback.<anonymous closure> (dart:async/zone.dart:649:23)
[avoid_hardcoded_colors] 2026-07-08T18:41:26.631706 #115    runPostRunCallbacks (package:custom_lint_core/src/plugin_base.dart:16:19)
[avoid_hardcoded_colors] 2026-07-08T18:41:26.631706 #116    _ClientAnalyzerPlugin.analyzeFile.<anonymous closure> (package:custom_lint_builder/src/client.dart:967:7)
[avoid_hardcoded_colors] 2026-07-08T18:41:26.631706 <asynchronous suspension>
[avoid_hardcoded_colors] 2026-07-08T18:41:26.631706 #117    _ClientAnalyzerPlugin._runOperation (package:custom_lint_builder/src/client.dart:1095:14)
[avoid_hardcoded_colors] 2026-07-08T18:41:26.631706 <asynchronous suspension>
[avoid_hardcoded_colors] 2026-07-08T18:41:26.631706 #118    _ClientAnalyzerPlugin.analyzeFile (package:custom_lint_builder/src/client.dart:931:5)
[avoid_hardcoded_colors] 2026-07-08T18:41:26.631706 <asynchronous suspension>
[avoid_hardcoded_colors] 2026-07-08T18:41:26.631706 #119    ServerPlugin.analyzeFiles (package:analyzer_plugin/plugin/plugin.dart:113:7)
[avoid_hardcoded_colors] 2026-07-08T18:41:26.631706 <asynchronous suspension>
[avoid_hardcoded_colors] 2026-07-08T18:41:26.631706 #120    ServerPlugin.handleAffectedFiles (package:analyzer_plugin/plugin/plugin.dart:197:5)
[avoid_hardcoded_colors] 2026-07-08T18:41:26.631706 <asynchronous suspension>
[avoid_hardcoded_colors] 2026-07-08T18:41:26.631706 #121    ServerPlugin.contentChanged.<anonymous closure> (package:analyzer_plugin/plugin/plugin.dart:132:9)
[avoid_hardcoded_colors] 2026-07-08T18:41:26.631706 <asynchronous suspension>
[avoid_hardcoded_colors] 2026-07-08T18:41:26.631706 #122    ServerPlugin._forAnalysisContexts (package:analyzer_plugin/plugin/plugin.dart:514:9)
[avoid_hardcoded_colors] 2026-07-08T18:41:26.631706 <asynchronous suspension>
[avoid_hardcoded_colors] 2026-07-08T18:41:26.631706 #123    ServerPlugin.contentChanged (package:analyzer_plugin/plugin/plugin.dart:127:7)
[avoid_hardcoded_colors] 2026-07-08T18:41:26.631706 <asynchronous suspension>
[avoid_hardcoded_colors] 2026-07-08T18:41:26.631706 #124    ServerPlugin.handleAnalysisUpdateContent (package:analyzer_plugin/plugin/plugin.dart:342:5)
[avoid_hardcoded_colors] 2026-07-08T18:41:26.631706 <asynchronous suspension>
[avoid_hardcoded_colors] 2026-07-08T18:41:26.631706 #125    ServerPlugin._getResponse (package:analyzer_plugin/plugin/plugin.dart:552:18)
[avoid_hardcoded_colors] 2026-07-08T18:41:26.631706 <asynchronous suspension>
[avoid_hardcoded_colors] 2026-07-08T18:41:26.631706 #126    ServerPlugin._onRequest (package:analyzer_plugin/plugin/plugin.dart:606:18)
[avoid_hardcoded_colors] 2026-07-08T18:41:26.631706 <asynchronous suspension>
[avoid_hardcoded_colors] 2026-07-08T18:41:26.631706
[avoid_hardcoded_colors] 2026-07-08T18:41:26.652239 Plugin avoid_hardcoded_colors threw while analyzing /Users/fres/dev/projects/agora/apps/agora/lib/app/app.dart:
[avoid_hardcoded_colors] 2026-07-08T18:41:26.652239 RangeError (end): Invalid value: Not in inclusive range 2613..2615: 2629
[avoid_hardcoded_colors] 2026-07-08T18:41:26.652239 #0      RangeError.checkValidRange (dart:core/errors.dart:392:9)
[avoid_hardcoded_colors] 2026-07-08T18:41:26.652239 #1      _StringBase.substring (dart:core-patch/string_patch.dart:440:27)
[avoid_hardcoded_colors] 2026-07-08T18:41:26.652239 #2      parseIgnoreForLine (package:custom_lint_builder/src/ignore.dart:81:54)
[avoid_hardcoded_colors] 2026-07-08T18:41:26.652239 #3      _ClientAnalyzerPlugin.analyzeFile.<anonymous closure> (package:custom_lint_builder/src/client.dart:921:13)
[avoid_hardcoded_colors] 2026-07-08T18:41:26.652239 #4      _AnalysisErrorListenerDelegate.onError (package:custom_lint_builder/src/client.dart:1226:48)
[avoid_hardcoded_colors] 2026-07-08T18:41:26.652239 #5      DiagnosticOrErrorListenerExtension.onDiagnostic (package:analyzer/error/listener.dart:132:40)
[avoid_hardcoded_colors] 2026-07-08T18:41:26.652239 #6      DiagnosticReporter.reportError (package:analyzer/src/error/listener.dart:376:25)
[avoid_hardcoded_colors] 2026-07-08T18:41:26.652239 #7      DiagnosticReporter.atOffset (package:analyzer/src/error/listener.dart:319:5)
[avoid_hardcoded_colors] 2026-07-08T18:41:26.652239 #8      DiagnosticReporter.atNode (package:analyzer/src/error/listener.dart:258:12)
[avoid_hardcoded_colors] 2026-07-08T18:41:26.652239 #9      AvoidHardcodedColors.run.<anonymous closure> (package:design_lint/src/rules/avoid_hardcoded_colors.dart:55:18)
[avoid_hardcoded_colors] 2026-07-08T18:41:26.652239 #10     _rootRunUnary (dart:async/zone_root.dart:56:13)
[avoid_hardcoded_colors] 2026-07-08T18:41:26.652239 #11     _CustomZone.runUnary (dart:async/zone.dart:733:19)
[avoid_hardcoded_colors] 2026-07-08T18:41:26.652239 #12     LinterVisitor._runSubscriptions (package:custom_lint_visitor/src/node_lint_visitor.g.dart:27:27)
[avoid_hardcoded_colors] 2026-07-08T18:41:26.652239 #13     LinterVisitor.visitPrefixedIdentifier (package:custom_lint_visitor/src/node_lint_visitor.g.dart:957:5)
[avoid_hardcoded_colors] 2026-07-08T18:41:26.652239 #14     PrefixedIdentifierImpl.accept (package:analyzer/src/dart/ast/ast.dart:19657:50)
[avoid_hardcoded_colors] 2026-07-08T18:41:26.652239 #15     ConditionalExpressionImpl.visitChildren (package:analyzer/src/dart/ast/ast.dart:4431:20)
[avoid_hardcoded_colors] 2026-07-08T18:41:26.652239 #16     GeneralizingAstVisitor.visitNode (package:analyzer/dart/ast/visitor.g.dart:474:10)
[avoid_hardcoded_colors] 2026-07-08T18:41:26.652239 #17     LinterVisitor.visitNode (package:custom_lint_visitor/src/node_lint_visitor.g.dart:855:11)
[avoid_hardcoded_colors] 2026-07-08T18:41:26.652239 #18     GeneralizingAstVisitor.visitCollectionElement (package:analyzer/dart/ast/visitor.g.dart:113:56)
[avoid_hardcoded_colors] 2026-07-08T18:41:26.652239 #19     LinterVisitor.visitCollectionElement (package:custom_lint_visitor/src/node_lint_visitor.g.dart:194:11)
[avoid_hardcoded_colors] 2026-07-08T18:41:26.652239 #20     GeneralizingAstVisitor.visitExpression (package:analyzer/dart/ast/visitor.g.dart:234:42)
[avoid_hardcoded_colors] 2026-07-08T18:41:26.652239 #21     LinterVisitor.visitExpression (package:custom_lint_visitor/src/node_lint_visitor.g.dart:417:11)
[avoid_hardcoded_colors] 2026-07-08T18:41:26.652239 #22     GeneralizingAstVisitor.visitConditionalExpression (package:analyzer/dart/ast/visitor.g.dart:134:7)
[avoid_hardcoded_colors] 2026-07-08T18:41:26.652239 #23     LinterVisitor.visitConditionalExpression (package:custom_lint_visitor/src/node_lint_visitor.g.dart:236:11)
[avoid_hardcoded_colors] 2026-07-08T18:41:26.652239 #24     ConditionalExpressionImpl.accept (package:analyzer/src/dart/ast/ast.dart:4419:15)
[avoid_hardcoded_colors] 2026-07-08T18:41:26.652239 #25     NamedExpressionImpl.visitChildren (package:analyzer/src/dart/ast/ast.dart:17017:16)
[avoid_hardcoded_colors] 2026-07-08T18:41:26.652239 #26     GeneralizingAstVisitor.visitNode (package:analyzer/dart/ast/visitor.g.dart:474:10)
[avoid_hardcoded_colors] 2026-07-08T18:41:26.652239 #27     LinterVisitor.visitNode (package:custom_lint_visitor/src/node_lint_visitor.g.dart:855:11)
[avoid_hardcoded_colors] 2026-07-08T18:41:26.652239 #28     GeneralizingAstVisitor.visitCollectionElement (package:analyzer/dart/ast/visitor.g.dart:113:56)
[avoid_hardcoded_colors] 2026-07-08T18:41:26.652239 #29     LinterVisitor.visitCollectionElement (package:custom_lint_visitor/src/node_lint_visitor.g.dart:194:11)
[avoid_hardcoded_colors] 2026-07-08T18:41:26.652239 #30     GeneralizingAstVisitor.visitExpression (package:analyzer/dart/ast/visitor.g.dart:234:42)
[avoid_hardcoded_colors] 2026-07-08T18:41:26.652239 #31     LinterVisitor.visitExpression (package:custom_lint_visitor/src/node_lint_visitor.g.dart:417:11)
[avoid_hardcoded_colors] 2026-07-08T18:41:26.652239 #32     GeneralizingAstVisitor.visitNamedExpression (package:analyzer/dart/ast/visitor.g.dart:453:52)
[avoid_hardcoded_colors] 2026-07-08T18:41:26.652239 #33     LinterVisitor.visitNamedExpression (package:custom_lint_visitor/src/node_lint_visitor.g.dart:819:11)
[avoid_hardcoded_colors] 2026-07-08T18:41:26.652239 #34     NamedExpressionImpl.accept (package:analyzer/src/dart/ast/ast.dart:17005:50)
[avoid_hardcoded_colors] 2026-07-08T18:41:26.652239 #35     NodeListImpl.accept (package:analyzer/src/dart/ast/ast.dart:17661:20)
[avoid_hardcoded_colors] 2026-07-08T18:41:26.652239 #36     ArgumentListImpl.visitChildren (package:analyzer/src/dart/ast/ast.dart:586:15)
[avoid_hardcoded_colors] 2026-07-08T18:41:26.652239 #37     GeneralizingAstVisitor.visitNode (package:analyzer/dart/ast/visitor.g.dart:474:10)
[avoid_hardcoded_colors] 2026-07-08T18:41:26.652239 #38     LinterVisitor.visitNode (package:custom_lint_visitor/src/node_lint_visitor.g.dart:855:11)
[avoid_hardcoded_colors] 2026-07-08T18:41:26.652239 #39     GeneralizingAstVisitor.visitArgumentList (package:analyzer/dart/ast/visitor.g.dart:41:46)
[avoid_hardcoded_colors] 2026-07-08T18:41:26.652239 #40     LinterVisitor.visitArgumentList (package:custom_lint_visitor/src/node_lint_visitor.g.dart:56:11)
[avoid_hardcoded_colors] 2026-07-08T18:41:26.652239 #41     ArgumentListImpl.accept (package:analyzer/src/dart/ast/ast.dart:581:50)
[avoid_hardcoded_colors] 2026-07-08T18:41:26.652239 #42     InstanceCreationExpressionImpl.visitChildren (package:analyzer/src/dart/ast/ast.dart:14069:18)
[avoid_hardcoded_colors] 2026-07-08T18:41:26.652239 #43     GeneralizingAstVisitor.visitNode (package:analyzer/dart/ast/visitor.g.dart:474:10)
[avoid_hardcoded_colors] 2026-07-08T18:41:26.652239 #44     LinterVisitor.visitNode (package:custom_lint_visitor/src/node_lint_visitor.g.dart:855:11)
[avoid_hardcoded_colors] 2026-07-08T18:41:26.652239 #45     GeneralizingAstVisitor.visitCollectionElement (package:analyzer/dart/ast/visitor.g.dart:113:56)
[avoid_hardcoded_colors] 2026-07-08T18:41:26.652239 #46     LinterVisitor.visitCollectionElement (package:custom_lint_visitor/src/node_lint_visitor.g.dart:194:11)
[avoid_hardcoded_colors] 2026-07-08T18:41:26.652239 #47     GeneralizingAstVisitor.visitExpression (package:analyzer/dart/ast/visitor.g.dart:234:42)
[avoid_hardcoded_colors] 2026-07-08T18:41:26.652239 #48     LinterVisitor.visitExpression (package:custom_lint_visitor/src/node_lint_visitor.g.dart:417:11)
[avoid_hardcoded_colors] 2026-07-08T18:41:26.652239 #49     GeneralizingAstVisitor.visitInstanceCreationExpression (package:analyzer/dart/ast/visitor.g.dart:379:7)
[avoid_hardcoded_colors] 2026-07-08T18:41:26.652239 #50     LinterVisitor.visitInstanceCreationExpression (package:custom_lint_visitor/src/node_lint_visitor.g.dart:675:11)
[avoid_hardcoded_colors] 2026-07-08T18:41:26.652239 #51     InstanceCreationExpressionImpl.accept (package:analyzer/src/dart/ast/ast.dart:14056:15)
[avoid_hardcoded_colors] 2026-07-08T18:41:26.652239 #52     ReturnStatementImpl.visitChildren (package:analyzer/src/dart/ast/ast.dart:21615:17)
[avoid_hardcoded_colors] 2026-07-08T18:41:26.652239 #53     GeneralizingAstVisitor.visitNode (package:analyzer/dart/ast/visitor.g.dart:474:10)
[avoid_hardcoded_colors] 2026-07-08T18:41:26.652239 #54     LinterVisitor.visitNode (package:custom_lint_visitor/src/node_lint_visitor.g.dart:855:11)
[avoid_hardcoded_colors] 2026-07-08T18:41:26.652239 #55     GeneralizingAstVisitor.visitStatement (package:analyzer/dart/ast/visitor.g.dart:630:40)
[avoid_hardcoded_colors] 2026-07-08T18:41:26.652239 #56     LinterVisitor.visitStatement (package:custom_lint_visitor/src/node_lint_visitor.g.dart:1124:11)
[avoid_hardcoded_colors] 2026-07-08T18:41:26.652239 #57     GeneralizingAstVisitor.visitReturnStatement (package:analyzer/dart/ast/visitor.g.dart:602:52)
[avoid_hardcoded_colors] 2026-07-08T18:41:26.652239 #58     LinterVisitor.visitReturnStatement (package:custom_lint_visitor/src/node_lint_visitor.g.dart:1070:11)
[avoid_hardcoded_colors] 2026-07-08T18:41:26.652239 #59     ReturnStatementImpl.accept (package:analyzer/src/dart/ast/ast.dart:21610:50)
[avoid_hardcoded_colors] 2026-07-08T18:41:26.652239 #60     NodeListImpl.accept (package:analyzer/src/dart/ast/ast.dart:17661:20)
[avoid_hardcoded_colors] 2026-07-08T18:41:26.652239 #61     BlockImpl.visitChildren (package:analyzer/src/dart/ast/ast.dart:2028:16)
[avoid_hardcoded_colors] 2026-07-08T18:41:26.652239 #62     GeneralizingAstVisitor.visitNode (package:analyzer/dart/ast/visitor.g.dart:474:10)
[avoid_hardcoded_colors] 2026-07-08T18:41:26.652239 #63     LinterVisitor.visitNode (package:custom_lint_visitor/src/node_lint_visitor.g.dart:855:11)
[avoid_hardcoded_colors] 2026-07-08T18:41:26.652239 #64     GeneralizingAstVisitor.visitStatement (package:analyzer/dart/ast/visitor.g.dart:630:40)
[avoid_hardcoded_colors] 2026-07-08T18:41:26.652239 #65     LinterVisitor.visitStatement (package:custom_lint_visitor/src/node_lint_visitor.g.dart:1124:11)
[avoid_hardcoded_colors] 2026-07-08T18:41:26.652239 #66     GeneralizingAstVisitor.visitBlock (package:analyzer/dart/ast/visitor.g.dart:68:32)
[avoid_hardcoded_colors] 2026-07-08T18:41:26.652239 #67     LinterVisitor.visitBlock (package:custom_lint_visitor/src/node_lint_visitor.g.dart:104:11)
[avoid_hardcoded_colors] 2026-07-08T18:41:26.652239 #68     BlockImpl.accept (package:analyzer/src/dart/ast/ast.dart:2023:50)
[avoid_hardcoded_colors] 2026-07-08T18:41:26.652239 #69     BlockFunctionBodyImpl.visitChildren (package:analyzer/src/dart/ast/ast.dart:1958:11)
[avoid_hardcoded_colors] 2026-07-08T18:41:26.652239 #70     GeneralizingAstVisitor.visitNode (package:analyzer/dart/ast/visitor.g.dart:474:10)
[avoid_hardcoded_colors] 2026-07-08T18:41:26.652239 #71     LinterVisitor.visitNode (package:custom_lint_visitor/src/node_lint_visitor.g.dart:855:11)
[avoid_hardcoded_colors] 2026-07-08T18:41:26.652239 #72     GeneralizingAstVisitor.visitFunctionBody (package:analyzer/dart/ast/visitor.g.dart:307:46)
[avoid_hardcoded_colors] 2026-07-08T18:41:26.652239 #73     LinterVisitor.visitFunctionBody (package:custom_lint_visitor/src/node_lint_visitor.g.dart:555:11)
[avoid_hardcoded_colors] 2026-07-08T18:41:26.652239 #74     GeneralizingAstVisitor.visitBlockFunctionBody (package:analyzer/dart/ast/visitor.g.dart:75:56)
[avoid_hardcoded_colors] 2026-07-08T18:41:26.652239 #75     LinterVisitor.visitBlockFunctionBody (package:custom_lint_visitor/src/node_lint_visitor.g.dart:116:11)
[avoid_hardcoded_colors] 2026-07-08T18:41:26.652239 #76     BlockFunctionBodyImpl.accept (package:analyzer/src/dart/ast/ast.dart:1949:50)
[avoid_hardcoded_colors] 2026-07-08T18:41:26.652239 #77     MethodDeclarationImpl.visitChildren (package:analyzer/src/dart/ast/ast.dart:16284:10)
[avoid_hardcoded_colors] 2026-07-08T18:41:26.652239 #78     GeneralizingAstVisitor.visitNode (package:analyzer/dart/ast/visitor.g.dart:474:10)
[avoid_hardcoded_colors] 2026-07-08T18:41:26.652239 #79     LinterVisitor.visitNode (package:custom_lint_visitor/src/node_lint_visitor.g.dart:855:11)
[avoid_hardcoded_colors] 2026-07-08T18:41:26.652239 #80     GeneralizingAstVisitor.visitAnnotatedNode (package:analyzer/dart/ast/visitor.g.dart:35:48)
[avoid_hardcoded_colors] 2026-07-08T18:41:26.652239 #81     LinterVisitor.visitAnnotatedNode (package:custom_lint_visitor/src/node_lint_visitor.g.dart:44:11)
[avoid_hardcoded_colors] 2026-07-08T18:41:26.652239 #82     GeneralizingAstVisitor.visitDeclaration (package:analyzer/dart/ast/visitor.g.dart:168:44)
[avoid_hardcoded_colors] 2026-07-08T18:41:26.652239 #83     LinterVisitor.visitDeclaration (package:custom_lint_visitor/src/node_lint_visitor.g.dart:302:11)
[avoid_hardcoded_colors] 2026-07-08T18:41:26.652239 #84     GeneralizingAstVisitor.visitClassMember (package:analyzer/dart/ast/visitor.g.dart:105:44)
[avoid_hardcoded_colors] 2026-07-08T18:41:26.652239 #85     LinterVisitor.visitClassMember (package:custom_lint_visitor/src/node_lint_visitor.g.dart:176:11)
[avoid_hardcoded_colors] 2026-07-08T18:41:26.652239 #86     GeneralizingAstVisitor.visitMethodDeclaration (package:analyzer/dart/ast/visitor.g.dart:436:56)
[avoid_hardcoded_colors] 2026-07-08T18:41:26.652239 #87     LinterVisitor.visitMethodDeclaration (package:custom_lint_visitor/src/node_lint_visitor.g.dart:789:11)
[avoid_hardcoded_colors] 2026-07-08T18:41:26.652239 #88     MethodDeclarationImpl.accept (package:analyzer/src/dart/ast/ast.dart:16275:50)
[avoid_hardcoded_colors] 2026-07-08T18:41:26.652239 #89     NodeListImpl.accept (package:analyzer/src/dart/ast/ast.dart:17661:20)
[avoid_hardcoded_colors] 2026-07-08T18:41:26.652239 #90     ClassDeclarationImpl.visitChildren (package:analyzer/src/dart/ast/ast.dart:3322:13)
[avoid_hardcoded_colors] 2026-07-08T18:41:26.652239 #91     GeneralizingAstVisitor.visitNode (package:analyzer/dart/ast/visitor.g.dart:474:10)
[avoid_hardcoded_colors] 2026-07-08T18:41:26.652239 #92     LinterVisitor.visitNode (package:custom_lint_visitor/src/node_lint_visitor.g.dart:855:11)
[avoid_hardcoded_colors] 2026-07-08T18:41:26.652239 #93     GeneralizingAstVisitor.visitAnnotatedNode (package:analyzer/dart/ast/visitor.g.dart:35:48)
[avoid_hardcoded_colors] 2026-07-08T18:41:26.652239 #94     LinterVisitor.visitAnnotatedNode (package:custom_lint_visitor/src/node_lint_visitor.g.dart:44:11)
[avoid_hardcoded_colors] 2026-07-08T18:41:26.652239 #95     GeneralizingAstVisitor.visitDeclaration (package:analyzer/dart/ast/visitor.g.dart:168:44)
[avoid_hardcoded_colors] 2026-07-08T18:41:26.652239 #96     LinterVisitor.visitDeclaration (package:custom_lint_visitor/src/node_lint_visitor.g.dart:302:11)
[avoid_hardcoded_colors] 2026-07-08T18:41:26.652239 #97     GeneralizingAstVisitor.visitCompilationUnitMember (package:analyzer/dart/ast/visitor.g.dart:130:7)
[avoid_hardcoded_colors] 2026-07-08T18:41:26.652239 #98     LinterVisitor.visitCompilationUnitMember (package:custom_lint_visitor/src/node_lint_visitor.g.dart:230:11)
[avoid_hardcoded_colors] 2026-07-08T18:41:26.652239 #99     GeneralizingAstVisitor.visitNamedCompilationUnitMember (package:analyzer/dart/ast/visitor.g.dart:450:7)
[avoid_hardcoded_colors] 2026-07-08T18:41:26.652239 #100    LinterVisitor.visitNamedCompilationUnitMember (package:custom_lint_visitor/src/node_lint_visitor.g.dart:813:11)
[avoid_hardcoded_colors] 2026-07-08T18:41:26.652239 #101    GeneralizingAstVisitor.visitClassDeclaration (package:analyzer/dart/ast/visitor.g.dart:103:7)
[avoid_hardcoded_colors] 2026-07-08T18:41:26.652239 #102    LinterVisitor.visitClassDeclaration (package:custom_lint_visitor/src/node_lint_visitor.g.dart:170:11)
[avoid_hardcoded_colors] 2026-07-08T18:41:26.652239 #103    ClassDeclarationImpl.accept (package:analyzer/src/dart/ast/ast.dart:3311:50)
[avoid_hardcoded_colors] 2026-07-08T18:41:26.652239 #104    NodeListImpl.accept (package:analyzer/src/dart/ast/ast.dart:17661:20)
[avoid_hardcoded_colors] 2026-07-08T18:41:26.652239 #105    CompilationUnitImpl.visitChildren (package:analyzer/src/dart/ast/ast.dart:4146:21)
[avoid_hardcoded_colors] 2026-07-08T18:41:26.652239 #106    GeneralizingAstVisitor.visitNode (package:analyzer/dart/ast/visitor.g.dart:474:10)
[avoid_hardcoded_colors] 2026-07-08T18:41:26.652239 #107    LinterVisitor.visitNode (package:custom_lint_visitor/src/node_lint_visitor.g.dart:855:11)
[avoid_hardcoded_colors] 2026-07-08T18:41:26.652239 #108    GeneralizingAstVisitor.visitCompilationUnit (package:analyzer/dart/ast/visitor.g.dart:127:52)
[avoid_hardcoded_colors] 2026-07-08T18:41:26.652239 #109    LinterVisitor.visitCompilationUnit (package:custom_lint_visitor/src/node_lint_visitor.g.dart:224:11)
[avoid_hardcoded_colors] 2026-07-08T18:41:26.652239 #110    CompilationUnitImpl.accept (package:analyzer/src/dart/ast/ast.dart:4123:50)
[avoid_hardcoded_colors] 2026-07-08T18:41:26.652239 #111    DartLintRule.startUp.<anonymous closure> (package:custom_lint_core/src/lint_rule.dart:136:17)
[avoid_hardcoded_colors] 2026-07-08T18:41:26.652239 #112    _rootRun (dart:async/zone_root.dart:35:13)
[avoid_hardcoded_colors] 2026-07-08T18:41:26.652239 #113    _CustomZone.run (dart:async/zone.dart:726:19)
[avoid_hardcoded_colors] 2026-07-08T18:41:26.652239 #114    _CustomZone.bindCallback.<anonymous closure> (dart:async/zone.dart:649:23)
[avoid_hardcoded_colors] 2026-07-08T18:41:26.652239 #115    runPostRunCallbacks (package:custom_lint_core/src/plugin_base.dart:16:19)
[avoid_hardcoded_colors] 2026-07-08T18:41:26.652239 #116    _ClientAnalyzerPlugin.analyzeFile.<anonymous closure> (package:custom_lint_builder/src/client.dart:967:7)
[avoid_hardcoded_colors] 2026-07-08T18:41:26.652239 <asynchronous suspension>
[avoid_hardcoded_colors] 2026-07-08T18:41:26.652239 #117    _ClientAnalyzerPlugin._runOperation (package:custom_lint_builder/src/client.dart:1095:14)
[avoid_hardcoded_colors] 2026-07-08T18:41:26.652239 <asynchronous suspension>
[avoid_hardcoded_colors] 2026-07-08T18:41:26.652239 #118    _ClientAnalyzerPlugin.analyzeFile (package:custom_lint_builder/src/client.dart:931:5)
[avoid_hardcoded_colors] 2026-07-08T18:41:26.652239 <asynchronous suspension>
[avoid_hardcoded_colors] 2026-07-08T18:41:26.652239 #119    ServerPlugin.analyzeFiles (package:analyzer_plugin/plugin/plugin.dart:113:7)
[avoid_hardcoded_colors] 2026-07-08T18:41:26.652239 <asynchronous suspension>
[avoid_hardcoded_colors] 2026-07-08T18:41:26.652239 #120    ServerPlugin.handleAffectedFiles (package:analyzer_plugin/plugin/plugin.dart:197:5)
[avoid_hardcoded_colors] 2026-07-08T18:41:26.652239 <asynchronous suspension>
[avoid_hardcoded_colors] 2026-07-08T18:41:26.652239 #121    ServerPlugin.contentChanged.<anonymous closure> (package:analyzer_plugin/plugin/plugin.dart:132:9)
[avoid_hardcoded_colors] 2026-07-08T18:41:26.652239 <asynchronous suspension>
[avoid_hardcoded_colors] 2026-07-08T18:41:26.652239 #122    ServerPlugin._forAnalysisContexts (package:analyzer_plugin/plugin/plugin.dart:514:9)
[avoid_hardcoded_colors] 2026-07-08T18:41:26.652239 <asynchronous suspension>
[avoid_hardcoded_colors] 2026-07-08T18:41:26.652239 #123    ServerPlugin.contentChanged (package:analyzer_plugin/plugin/plugin.dart:127:7)
[avoid_hardcoded_colors] 2026-07-08T18:41:26.652239 <asynchronous suspension>
[avoid_hardcoded_colors] 2026-07-08T18:41:26.652239 #124    ServerPlugin.handleAnalysisUpdateContent (package:analyzer_plugin/plugin/plugin.dart:342:5)
[avoid_hardcoded_colors] 2026-07-08T18:41:26.652239 <asynchronous suspension>
[avoid_hardcoded_colors] 2026-07-08T18:41:26.652239 #125    ServerPlugin._getResponse (package:analyzer_plugin/plugin/plugin.dart:552:18)
[avoid_hardcoded_colors] 2026-07-08T18:41:26.652239 <asynchronous suspension>
[avoid_hardcoded_colors] 2026-07-08T18:41:26.652239 #126    ServerPlugin._onRequest (package:analyzer_plugin/plugin/plugin.dart:606:18)
[avoid_hardcoded_colors] 2026-07-08T18:41:26.652239 <asynchronous suspension>
[avoid_hardcoded_colors] 2026-07-08T18:41:26.652239
[avoid_hardcoded_colors] 2026-07-08T18:41:26.652836 Plugin avoid_hardcoded_colors threw while analyzing /Users/fres/dev/projects/agora/apps/agora/lib/app/app.dart:
[avoid_hardcoded_colors] 2026-07-08T18:41:26.652836 RangeError (end): Invalid value: Not in inclusive range 2613..2615: 2649
[avoid_hardcoded_colors] 2026-07-08T18:41:26.652836 #0      RangeError.checkValidRange (dart:core/errors.dart:392:9)
[avoid_hardcoded_colors] 2026-07-08T18:41:26.652836 #1      _StringBase.substring (dart:core-patch/string_patch.dart:440:27)
[avoid_hardcoded_colors] 2026-07-08T18:41:26.652836 #2      parseIgnoreForLine (package:custom_lint_builder/src/ignore.dart:81:54)
[avoid_hardcoded_colors] 2026-07-08T18:41:26.652836 #3      _ClientAnalyzerPlugin.analyzeFile.<anonymous closure> (package:custom_lint_builder/src/client.dart:921:13)
[avoid_hardcoded_colors] 2026-07-08T18:41:26.652836 #4      _AnalysisErrorListenerDelegate.onError (package:custom_lint_builder/src/client.dart:1226:48)
[avoid_hardcoded_colors] 2026-07-08T18:41:26.652836 #5      DiagnosticOrErrorListenerExtension.onDiagnostic (package:analyzer/error/listener.dart:132:40)
[avoid_hardcoded_colors] 2026-07-08T18:41:26.652836 #6      DiagnosticReporter.reportError (package:analyzer/src/error/listener.dart:376:25)
[avoid_hardcoded_colors] 2026-07-08T18:41:26.652836 #7      DiagnosticReporter.atOffset (package:analyzer/src/error/listener.dart:319:5)
[avoid_hardcoded_colors] 2026-07-08T18:41:26.652836 #8      DiagnosticReporter.atNode (package:analyzer/src/error/listener.dart:258:12)
[avoid_hardcoded_colors] 2026-07-08T18:41:26.652836 #9      AvoidHardcodedColors.run.<anonymous closure> (package:design_lint/src/rules/avoid_hardcoded_colors.dart:55:18)
[avoid_hardcoded_colors] 2026-07-08T18:41:26.652836 #10     _rootRunUnary (dart:async/zone_root.dart:56:13)
[avoid_hardcoded_colors] 2026-07-08T18:41:26.652836 #11     _CustomZone.runUnary (dart:async/zone.dart:733:19)
[avoid_hardcoded_colors] 2026-07-08T18:41:26.652836 #12     LinterVisitor._runSubscriptions (package:custom_lint_visitor/src/node_lint_visitor.g.dart:27:27)
[avoid_hardcoded_colors] 2026-07-08T18:41:26.652836 #13     LinterVisitor.visitPrefixedIdentifier (package:custom_lint_visitor/src/node_lint_visitor.g.dart:957:5)
[avoid_hardcoded_colors] 2026-07-08T18:41:26.652836 #14     PrefixedIdentifierImpl.accept (package:analyzer/src/dart/ast/ast.dart:19657:50)
[avoid_hardcoded_colors] 2026-07-08T18:41:26.652836 #15     ConditionalExpressionImpl.visitChildren (package:analyzer/src/dart/ast/ast.dart:4432:20)
[avoid_hardcoded_colors] 2026-07-08T18:41:26.652836 #16     GeneralizingAstVisitor.visitNode (package:analyzer/dart/ast/visitor.g.dart:474:10)
[avoid_hardcoded_colors] 2026-07-08T18:41:26.652836 #17     LinterVisitor.visitNode (package:custom_lint_visitor/src/node_lint_visitor.g.dart:855:11)
[avoid_hardcoded_colors] 2026-07-08T18:41:26.652836 #18     GeneralizingAstVisitor.visitCollectionElement (package:analyzer/dart/ast/visitor.g.dart:113:56)
[avoid_hardcoded_colors] 2026-07-08T18:41:26.652836 #19     LinterVisitor.visitCollectionElement (package:custom_lint_visitor/src/node_lint_visitor.g.dart:194:11)
[avoid_hardcoded_colors] 2026-07-08T18:41:26.652836 #20     GeneralizingAstVisitor.visitExpression (package:analyzer/dart/ast/visitor.g.dart:234:42)
[avoid_hardcoded_colors] 2026-07-08T18:41:26.652836 #21     LinterVisitor.visitExpression (package:custom_lint_visitor/src/node_lint_visitor.g.dart:417:11)
[avoid_hardcoded_colors] 2026-07-08T18:41:26.652836 #22     GeneralizingAstVisitor.visitConditionalExpression (package:analyzer/dart/ast/visitor.g.dart:134:7)
[avoid_hardcoded_colors] 2026-07-08T18:41:26.652836 #23     LinterVisitor.visitConditionalExpression (package:custom_lint_visitor/src/node_lint_visitor.g.dart:236:11)
[avoid_hardcoded_colors] 2026-07-08T18:41:26.652836 #24     ConditionalExpressionImpl.accept (package:analyzer/src/dart/ast/ast.dart:4419:15)
[avoid_hardcoded_colors] 2026-07-08T18:41:26.652836 #25     NamedExpressionImpl.visitChildren (package:analyzer/src/dart/ast/ast.dart:17017:16)
[avoid_hardcoded_colors] 2026-07-08T18:41:26.652836 #26     GeneralizingAstVisitor.visitNode (package:analyzer/dart/ast/visitor.g.dart:474:10)
[avoid_hardcoded_colors] 2026-07-08T18:41:26.652836 #27     LinterVisitor.visitNode (package:custom_lint_visitor/src/node_lint_visitor.g.dart:855:11)
[avoid_hardcoded_colors] 2026-07-08T18:41:26.652836 #28     GeneralizingAstVisitor.visitCollectionElement (package:analyzer/dart/ast/visitor.g.dart:113:56)
[avoid_hardcoded_colors] 2026-07-08T18:41:26.652836 #29     LinterVisitor.visitCollectionElement (package:custom_lint_visitor/src/node_lint_visitor.g.dart:194:11)
[avoid_hardcoded_colors] 2026-07-08T18:41:26.652836 #30     GeneralizingAstVisitor.visitExpression (package:analyzer/dart/ast/visitor.g.dart:234:42)
[avoid_hardcoded_colors] 2026-07-08T18:41:26.652836 #31     LinterVisitor.visitExpression (package:custom_lint_visitor/src/node_lint_visitor.g.dart:417:11)
[avoid_hardcoded_colors] 2026-07-08T18:41:26.652836 #32     GeneralizingAstVisitor.visitNamedExpression (package:analyzer/dart/ast/visitor.g.dart:453:52)
[avoid_hardcoded_colors] 2026-07-08T18:41:26.652836 #33     LinterVisitor.visitNamedExpression (package:custom_lint_visitor/src/node_lint_visitor.g.dart:819:11)
[avoid_hardcoded_colors] 2026-07-08T18:41:26.652836 #34     NamedExpressionImpl.accept (package:analyzer/src/dart/ast/ast.dart:17005:50)
[avoid_hardcoded_colors] 2026-07-08T18:41:26.652836 #35     NodeListImpl.accept (package:analyzer/src/dart/ast/ast.dart:17661:20)
[avoid_hardcoded_colors] 2026-07-08T18:41:26.652836 #36     ArgumentListImpl.visitChildren (package:analyzer/src/dart/ast/ast.dart:586:15)
[avoid_hardcoded_colors] 2026-07-08T18:41:26.652836 #37     GeneralizingAstVisitor.visitNode (package:analyzer/dart/ast/visitor.g.dart:474:10)
[avoid_hardcoded_colors] 2026-07-08T18:41:26.652836 #38     LinterVisitor.visitNode (package:custom_lint_visitor/src/node_lint_visitor.g.dart:855:11)
[avoid_hardcoded_colors] 2026-07-08T18:41:26.652836 #39     GeneralizingAstVisitor.visitArgumentList (package:analyzer/dart/ast/visitor.g.dart:41:46)
[avoid_hardcoded_colors] 2026-07-08T18:41:26.652836 #40     LinterVisitor.visitArgumentList (package:custom_lint_visitor/src/node_lint_visitor.g.dart:56:11)
[avoid_hardcoded_colors] 2026-07-08T18:41:26.652836 #41     ArgumentListImpl.accept (package:analyzer/src/dart/ast/ast.dart:581:50)
[avoid_hardcoded_colors] 2026-07-08T18:41:26.652836 #42     InstanceCreationExpressionImpl.visitChildren (package:analyzer/src/dart/ast/ast.dart:14069:18)
[avoid_hardcoded_colors] 2026-07-08T18:41:26.652836 #43     GeneralizingAstVisitor.visitNode (package:analyzer/dart/ast/visitor.g.dart:474:10)
[avoid_hardcoded_colors] 2026-07-08T18:41:26.652836 #44     LinterVisitor.visitNode (package:custom_lint_visitor/src/node_lint_visitor.g.dart:855:11)
[avoid_hardcoded_colors] 2026-07-08T18:41:26.652836 #45     GeneralizingAstVisitor.visitCollectionElement (package:analyzer/dart/ast/visitor.g.dart:113:56)
[avoid_hardcoded_colors] 2026-07-08T18:41:26.652836 #46     LinterVisitor.visitCollectionElement (package:custom_lint_visitor/src/node_lint_visitor.g.dart:194:11)
[avoid_hardcoded_colors] 2026-07-08T18:41:26.652836 #47     GeneralizingAstVisitor.visitExpression (package:analyzer/dart/ast/visitor.g.dart:234:42)
[avoid_hardcoded_colors] 2026-07-08T18:41:26.652836 #48     LinterVisitor.visitExpression (package:custom_lint_visitor/src/node_lint_visitor.g.dart:417:11)
[avoid_hardcoded_colors] 2026-07-08T18:41:26.652836 #49     GeneralizingAstVisitor.visitInstanceCreationExpression (package:analyzer/dart/ast/visitor.g.dart:379:7)
[avoid_hardcoded_colors] 2026-07-08T18:41:26.652836 #50     LinterVisitor.visitInstanceCreationExpression (package:custom_lint_visitor/src/node_lint_visitor.g.dart:675:11)
[avoid_hardcoded_colors] 2026-07-08T18:41:26.652836 #51     InstanceCreationExpressionImpl.accept (package:analyzer/src/dart/ast/ast.dart:14056:15)
[avoid_hardcoded_colors] 2026-07-08T18:41:26.652836 #52     ReturnStatementImpl.visitChildren (package:analyzer/src/dart/ast/ast.dart:21615:17)
[avoid_hardcoded_colors] 2026-07-08T18:41:26.652836 #53     GeneralizingAstVisitor.visitNode (package:analyzer/dart/ast/visitor.g.dart:474:10)
[avoid_hardcoded_colors] 2026-07-08T18:41:26.652836 #54     LinterVisitor.visitNode (package:custom_lint_visitor/src/node_lint_visitor.g.dart:855:11)
[avoid_hardcoded_colors] 2026-07-08T18:41:26.652836 #55     GeneralizingAstVisitor.visitStatement (package:analyzer/dart/ast/visitor.g.dart:630:40)
[avoid_hardcoded_colors] 2026-07-08T18:41:26.652836 #56     LinterVisitor.visitStatement (package:custom_lint_visitor/src/node_lint_visitor.g.dart:1124:11)
[avoid_hardcoded_colors] 2026-07-08T18:41:26.652836 #57     GeneralizingAstVisitor.visitReturnStatement (package:analyzer/dart/ast/visitor.g.dart:602:52)
[avoid_hardcoded_colors] 2026-07-08T18:41:26.652836 #58     LinterVisitor.visitReturnStatement (package:custom_lint_visitor/src/node_lint_visitor.g.dart:1070:11)
[avoid_hardcoded_colors] 2026-07-08T18:41:26.652836 #59     ReturnStatementImpl.accept (package:analyzer/src/dart/ast/ast.dart:21610:50)
[avoid_hardcoded_colors] 2026-07-08T18:41:26.652836 #60     NodeListImpl.accept (package:analyzer/src/dart/ast/ast.dart:17661:20)
[avoid_hardcoded_colors] 2026-07-08T18:41:26.652836 #61     BlockImpl.visitChildren (package:analyzer/src/dart/ast/ast.dart:2028:16)
[avoid_hardcoded_colors] 2026-07-08T18:41:26.652836 #62     GeneralizingAstVisitor.visitNode (package:analyzer/dart/ast/visitor.g.dart:474:10)
[avoid_hardcoded_colors] 2026-07-08T18:41:26.652836 #63     LinterVisitor.visitNode (package:custom_lint_visitor/src/node_lint_visitor.g.dart:855:11)
[avoid_hardcoded_colors] 2026-07-08T18:41:26.652836 #64     GeneralizingAstVisitor.visitStatement (package:analyzer/dart/ast/visitor.g.dart:630:40)
[avoid_hardcoded_colors] 2026-07-08T18:41:26.652836 #65     LinterVisitor.visitStatement (package:custom_lint_visitor/src/node_lint_visitor.g.dart:1124:11)
[avoid_hardcoded_colors] 2026-07-08T18:41:26.652836 #66     GeneralizingAstVisitor.visitBlock (package:analyzer/dart/ast/visitor.g.dart:68:32)
[avoid_hardcoded_colors] 2026-07-08T18:41:26.652836 #67     LinterVisitor.visitBlock (package:custom_lint_visitor/src/node_lint_visitor.g.dart:104:11)
[avoid_hardcoded_colors] 2026-07-08T18:41:26.652836 #68     BlockImpl.accept (package:analyzer/src/dart/ast/ast.dart:2023:50)
[avoid_hardcoded_colors] 2026-07-08T18:41:26.652836 #69     BlockFunctionBodyImpl.visitChildren (package:analyzer/src/dart/ast/ast.dart:1958:11)
[avoid_hardcoded_colors] 2026-07-08T18:41:26.652836 #70     GeneralizingAstVisitor.visitNode (package:analyzer/dart/ast/visitor.g.dart:474:10)
[avoid_hardcoded_colors] 2026-07-08T18:41:26.652836 #71     LinterVisitor.visitNode (package:custom_lint_visitor/src/node_lint_visitor.g.dart:855:11)
[avoid_hardcoded_colors] 2026-07-08T18:41:26.652836 #72     GeneralizingAstVisitor.visitFunctionBody (package:analyzer/dart/ast/visitor.g.dart:307:46)
[avoid_hardcoded_colors] 2026-07-08T18:41:26.652836 #73     LinterVisitor.visitFunctionBody (package:custom_lint_visitor/src/node_lint_visitor.g.dart:555:11)
[avoid_hardcoded_colors] 2026-07-08T18:41:26.652836 #74     GeneralizingAstVisitor.visitBlockFunctionBody (package:analyzer/dart/ast/visitor.g.dart:75:56)
[avoid_hardcoded_colors] 2026-07-08T18:41:26.652836 #75     LinterVisitor.visitBlockFunctionBody (package:custom_lint_visitor/src/node_lint_visitor.g.dart:116:11)
[avoid_hardcoded_colors] 2026-07-08T18:41:26.652836 #76     BlockFunctionBodyImpl.accept (package:analyzer/src/dart/ast/ast.dart:1949:50)
[avoid_hardcoded_colors] 2026-07-08T18:41:26.652836 #77     MethodDeclarationImpl.visitChildren (package:analyzer/src/dart/ast/ast.dart:16284:10)
[avoid_hardcoded_colors] 2026-07-08T18:41:26.652836 #78     GeneralizingAstVisitor.visitNode (package:analyzer/dart/ast/visitor.g.dart:474:10)
[avoid_hardcoded_colors] 2026-07-08T18:41:26.652836 #79     LinterVisitor.visitNode (package:custom_lint_visitor/src/node_lint_visitor.g.dart:855:11)
[avoid_hardcoded_colors] 2026-07-08T18:41:26.652836 #80     GeneralizingAstVisitor.visitAnnotatedNode (package:analyzer/dart/ast/visitor.g.dart:35:48)
[avoid_hardcoded_colors] 2026-07-08T18:41:26.652836 #81     LinterVisitor.visitAnnotatedNode (package:custom_lint_visitor/src/node_lint_visitor.g.dart:44:11)
[avoid_hardcoded_colors] 2026-07-08T18:41:26.652836 #82     GeneralizingAstVisitor.visitDeclaration (package:analyzer/dart/ast/visitor.g.dart:168:44)
[avoid_hardcoded_colors] 2026-07-08T18:41:26.652836 #83     LinterVisitor.visitDeclaration (package:custom_lint_visitor/src/node_lint_visitor.g.dart:302:11)
[avoid_hardcoded_colors] 2026-07-08T18:41:26.652836 #84     GeneralizingAstVisitor.visitClassMember (package:analyzer/dart/ast/visitor.g.dart:105:44)
[avoid_hardcoded_colors] 2026-07-08T18:41:26.652836 #85     LinterVisitor.visitClassMember (package:custom_lint_visitor/src/node_lint_visitor.g.dart:176:11)
[avoid_hardcoded_colors] 2026-07-08T18:41:26.652836 #86     GeneralizingAstVisitor.visitMethodDeclaration (package:analyzer/dart/ast/visitor.g.dart:436:56)
[avoid_hardcoded_colors] 2026-07-08T18:41:26.652836 #87     LinterVisitor.visitMethodDeclaration (package:custom_lint_visitor/src/node_lint_visitor.g.dart:789:11)
[avoid_hardcoded_colors] 2026-07-08T18:41:26.652836 #88     MethodDeclarationImpl.accept (package:analyzer/src/dart/ast/ast.dart:16275:50)
[avoid_hardcoded_colors] 2026-07-08T18:41:26.652836 #89     NodeListImpl.accept (package:analyzer/src/dart/ast/ast.dart:17661:20)
[avoid_hardcoded_colors] 2026-07-08T18:41:26.652836 #90     ClassDeclarationImpl.visitChildren (package:analyzer/src/dart/ast/ast.dart:3322:13)
[avoid_hardcoded_colors] 2026-07-08T18:41:26.652836 #91     GeneralizingAstVisitor.visitNode (package:analyzer/dart/ast/visitor.g.dart:474:10)
[avoid_hardcoded_colors] 2026-07-08T18:41:26.652836 #92     LinterVisitor.visitNode (package:custom_lint_visitor/src/node_lint_visitor.g.dart:855:11)
[avoid_hardcoded_colors] 2026-07-08T18:41:26.652836 #93     GeneralizingAstVisitor.visitAnnotatedNode (package:analyzer/dart/ast/visitor.g.dart:35:48)
[avoid_hardcoded_colors] 2026-07-08T18:41:26.652836 #94     LinterVisitor.visitAnnotatedNode (package:custom_lint_visitor/src/node_lint_visitor.g.dart:44:11)
[avoid_hardcoded_colors] 2026-07-08T18:41:26.652836 #95     GeneralizingAstVisitor.visitDeclaration (package:analyzer/dart/ast/visitor.g.dart:168:44)
[avoid_hardcoded_colors] 2026-07-08T18:41:26.652836 #96     LinterVisitor.visitDeclaration (package:custom_lint_visitor/src/node_lint_visitor.g.dart:302:11)
[avoid_hardcoded_colors] 2026-07-08T18:41:26.652836 #97     GeneralizingAstVisitor.visitCompilationUnitMember (package:analyzer/dart/ast/visitor.g.dart:130:7)
[avoid_hardcoded_colors] 2026-07-08T18:41:26.652836 #98     LinterVisitor.visitCompilationUnitMember (package:custom_lint_visitor/src/node_lint_visitor.g.dart:230:11)
[avoid_hardcoded_colors] 2026-07-08T18:41:26.652836 #99     GeneralizingAstVisitor.visitNamedCompilationUnitMember (package:analyzer/dart/ast/visitor.g.dart:450:7)
[avoid_hardcoded_colors] 2026-07-08T18:41:26.652836 #100    LinterVisitor.visitNamedCompilationUnitMember (package:custom_lint_visitor/src/node_lint_visitor.g.dart:813:11)
[avoid_hardcoded_colors] 2026-07-08T18:41:26.652836 #101    GeneralizingAstVisitor.visitClassDeclaration (package:analyzer/dart/ast/visitor.g.dart:103:7)
[avoid_hardcoded_colors] 2026-07-08T18:41:26.652836 #102    LinterVisitor.visitClassDeclaration (package:custom_lint_visitor/src/node_lint_visitor.g.dart:170:11)
[avoid_hardcoded_colors] 2026-07-08T18:41:26.652836 #103    ClassDeclarationImpl.accept (package:analyzer/src/dart/ast/ast.dart:3311:50)
[avoid_hardcoded_colors] 2026-07-08T18:41:26.652836 #104    NodeListImpl.accept (package:analyzer/src/dart/ast/ast.dart:17661:20)
[avoid_hardcoded_colors] 2026-07-08T18:41:26.652836 #105    CompilationUnitImpl.visitChildren (package:analyzer/src/dart/ast/ast.dart:4146:21)
[avoid_hardcoded_colors] 2026-07-08T18:41:26.652836 #106    GeneralizingAstVisitor.visitNode (package:analyzer/dart/ast/visitor.g.dart:474:10)
[avoid_hardcoded_colors] 2026-07-08T18:41:26.652836 #107    LinterVisitor.visitNode (package:custom_lint_visitor/src/node_lint_visitor.g.dart:855:11)
[avoid_hardcoded_colors] 2026-07-08T18:41:26.652836 #108    GeneralizingAstVisitor.visitCompilationUnit (package:analyzer/dart/ast/visitor.g.dart:127:52)
[avoid_hardcoded_colors] 2026-07-08T18:41:26.652836 #109    LinterVisitor.visitCompilationUnit (package:custom_lint_visitor/src/node_lint_visitor.g.dart:224:11)
[avoid_hardcoded_colors] 2026-07-08T18:41:26.652836 #110    CompilationUnitImpl.accept (package:analyzer/src/dart/ast/ast.dart:4123:50)
[avoid_hardcoded_colors] 2026-07-08T18:41:26.652836 #111    DartLintRule.startUp.<anonymous closure> (package:custom_lint_core/src/lint_rule.dart:136:17)
[avoid_hardcoded_colors] 2026-07-08T18:41:26.652836 #112    _rootRun (dart:async/zone_root.dart:35:13)
[avoid_hardcoded_colors] 2026-07-08T18:41:26.652836 #113    _CustomZone.run (dart:async/zone.dart:726:19)
[avoid_hardcoded_colors] 2026-07-08T18:41:26.652836 #114    _CustomZone.bindCallback.<anonymous closure> (dart:async/zone.dart:649:23)
[avoid_hardcoded_colors] 2026-07-08T18:41:26.652836 #115    runPostRunCallbacks (package:custom_lint_core/src/plugin_base.dart:16:19)
[avoid_hardcoded_colors] 2026-07-08T18:41:26.652836 #116    _ClientAnalyzerPlugin.analyzeFile.<anonymous closure> (package:custom_lint_builder/src/client.dart:967:7)
[avoid_hardcoded_colors] 2026-07-08T18:41:26.652836 <asynchronous suspension>
[avoid_hardcoded_colors] 2026-07-08T18:41:26.652836 #117    _ClientAnalyzerPlugin._runOperation (package:custom_lint_builder/src/client.dart:1095:14)
[avoid_hardcoded_colors] 2026-07-08T18:41:26.652836 <asynchronous suspension>
[avoid_hardcoded_colors] 2026-07-08T18:41:26.652836 #118    _ClientAnalyzerPlugin.analyzeFile (package:custom_lint_builder/src/client.dart:931:5)
[avoid_hardcoded_colors] 2026-07-08T18:41:26.652836 <asynchronous suspension>
[avoid_hardcoded_colors] 2026-07-08T18:41:26.652836 #119    ServerPlugin.analyzeFiles (package:analyzer_plugin/plugin/plugin.dart:113:7)
[avoid_hardcoded_colors] 2026-07-08T18:41:26.652836 <asynchronous suspension>
[avoid_hardcoded_colors] 2026-07-08T18:41:26.652836 #120    ServerPlugin.handleAffectedFiles (package:analyzer_plugin/plugin/plugin.dart:197:5)
[avoid_hardcoded_colors] 2026-07-08T18:41:26.652836 <asynchronous suspension>
[avoid_hardcoded_colors] 2026-07-08T18:41:26.652836 #121    ServerPlugin.contentChanged.<anonymous closure> (package:analyzer_plugin/plugin/plugin.dart:132:9)
[avoid_hardcoded_colors] 2026-07-08T18:41:26.652836 <asynchronous suspension>
[avoid_hardcoded_colors] 2026-07-08T18:41:26.652836 #122    ServerPlugin._forAnalysisContexts (package:analyzer_plugin/plugin/plugin.dart:514:9)
[avoid_hardcoded_colors] 2026-07-08T18:41:26.652836 <asynchronous suspension>
[avoid_hardcoded_colors] 2026-07-08T18:41:26.652836 #123    ServerPlugin.contentChanged (package:analyzer_plugin/plugin/plugin.dart:127:7)
[avoid_hardcoded_colors] 2026-07-08T18:41:26.652836 <asynchronous suspension>
[avoid_hardcoded_colors] 2026-07-08T18:41:26.652836 #124    ServerPlugin.handleAnalysisUpdateContent (package:analyzer_plugin/plugin/plugin.dart:342:5)
[avoid_hardcoded_colors] 2026-07-08T18:41:26.652836 <asynchronous suspension>
[avoid_hardcoded_colors] 2026-07-08T18:41:26.652836 #125    ServerPlugin._getResponse (package:analyzer_plugin/plugin/plugin.dart:552:18)
[avoid_hardcoded_colors] 2026-07-08T18:41:26.652836 <asynchronous suspension>
[avoid_hardcoded_colors] 2026-07-08T18:41:26.652836 #126    ServerPlugin._onRequest (package:analyzer_plugin/plugin/plugin.dart:606:18)
[avoid_hardcoded_colors] 2026-07-08T18:41:26.652836 <asynchronous suspension>
[avoid_hardcoded_colors] 2026-07-08T18:41:26.652836
The request analysis.updateContent failed with the following error:
RequestErrorCode.PLUGIN_ERROR
A request threw the exception:Invalid overlay change: no content to change
null
at:
#0      SocketCustomLintServerToClientChannel.sendCustomLintRequest (package:custom_lint/src/v2/server_to_client_channel.dart:273)
<asynchronous suspension>
#1      SocketCustomLintServerToClientChannel.sendAnalyzerPluginRequest (package:custom_lint/src/v2/server_to_client_channel.dart:234)
<asynchronous suspension>
#2      CustomLintServer._handleRequest.<anonymous closure>.<anonymous closure> (package:custom_lint/src/v2/custom_lint_analyzer_plugin.dart:192)
<asynchronous suspension>
#3      PendingOperation.run (package:custom_lint/src/async_operation.dart:22)
<asynchronous suspension>
#4      CustomLintServer._handleRequest (package:custom_lint/src/v2/custom_lint_analyzer_plugin.dart:175)
<asynchronous suspension>

